;GND-Nummer;Eintrag;Seiten;Anzahl_Seiten_neu
0;118500775;Adorno, Theodor W. 1903 1969;112, 302;2
1;118501038;Agnon, Samuel Joseph eigentl. Czaczkes 1888 1970;275;1
2;118647377;Agrippa von Nettesheim, Heinrich Cornelius 1486 1535;13 f., 33;3
3;118501232;Aichinger, Ilse *1921;297, 305;2
4;118501402;Albers, Hans 1892 1960;260;1
5;119111349;Albrecht III. der Fromme 1401 1460;9;1
6;11850178X;Alembert, Jean Le Ronde d’ 1717 1783;58;1
7;118648071;Alexis, Willibald eigentl. Georg Wilhelm Heinrich Häring 1798 1871;178, 183;2
8;116303050;Anacker, Heinrich 1901 1971;262 f.;2
9;118649035;Anakreon um 530 495 v. u. Z.;;0
10;118502786;Andersch, Alfred 1914 1980;292 f., 297 f., 307, 322, 328 f.;8
11;119111365;Anderson, Sascha *1953;340 f.;2
12;118503006;Andrian zu Werburg, Leopold Freiherr Ferdinand von 1875 1951;205 f.;2
13;118502956;Andres, Stefan 1906 1970;267, 270;2
14;118503111;Angelus Silesius eigentl. Johann Scheffler 1624 1677;33;1
15;1325000744;Anna Amalia, Herzogin von Sachsen-Weimar-Eisenach 1739 1807;101 f.,117;3
16;118503243;Annunzio, Gabriele d’ 1863 1938;205, 269;2
17;118503472;Anton Ulrich, Herzog von Braunschweig-Wolfenbüttel 1633 1714;45;1
18;11850357X;Anzengruber, Ludwig 1839 1889;187, 263;2
19;118829637;Apitz, Bruno 1900 1979;297;1
20;118503634;Apollinaire, Guillaume eigentl. Wilhelm Apollinaris de Kostrowitski 1880 1918;218;1
21;11850391X;Arendt, Hannah 1906 1975;272, 315;2
22;118650130;Aristoteles 384/3 322/1 v. u. Z.;8,16, 81;3
23;118504118;Arndt, Ernst Moritz 1769 1860;141 f., 165;3
24;118504177;Arnim, Achim von 1781 1831;127, 130;2
25;118504185;Arnim, Bettine eigentl. Elisabeth von 1785 1859;127, 146;2
26;1326947443;Arp, Hans Jean 1886 1966;219;1
27;118504533;Artmann, Hans Carl 1921 2000;363;1
28;118650769;Aston, Louise 1814 1871;147;1
29;11865103X;Auerbach, Berthold eigentl. Moses Baruch Auerbacher 1812 1882;161;1
30;118505084;August der Starke, Kurfürst von Sachsen und König von Polen 1670 1733;57;1
31;118505114;Augustinus, Aurelius 354 430;8;1
32;118651218;Avenarius, Ferdinand 1856 1923;202;1
33;11850536X;Baader, Andreas 1943 1977;322;1
34;118505505;Bach, Carl Philipp Emanuel 1714 1788;66;1
35;11850553X;Bach, Johann Sebastian 1685 1750;32, 101;2
36;118505602;Bachmann, Ingeborg 1926 1973;300 f.;2
37;118505696;Bacon, Francis 1561 1626;12;1
38;118505955;Bahr, Hermann 1863 1934;196;1
39;118506234;Ball, Hugo 1886 1927;219;1
40;118506358;Balzac, Honoré de 1799 1850;165;1
41;118506366;Bamm, Peter eigentl. Curt Emmrich 1897 1975;296, 304;2
42;118506528;Barcley, John 1582 1621;43;1
43;118652702;Bartels, Adolf 1862 1945;202;1
44;118506803;Barth, Karl 1886 1968;224;1
45;118567349;Barthel, Kurt 1914 1967;291 f.;2
46;118653377;Basedow, Johannes Bernhard 1724 1790;96;1
47;118507184;Baudelaire, Charles 1826 1867;222 f.;2
48;118507303;Bauer, Josef Martin 1901 1970;296;1
49;118653830;Baum, Vicky 1888 1960;244;1
50;11882404X;Baumann, Hans 1914 1988;262 f.;2
51;118507605;Baumgarten, Alexander Gottlieb 1714 1762;61;1
52;118507753;Bayer, Konrad 1932 1964;363;1
53;11850777X;Bayle, Pierre 1647 1706;58 f., 82;3
54;118507931;Becher, Johannes R. 1891 1958;238, 275, 290 f., 295;5
55;118829742;Becker, Jurek *1937;329;1
56;118622102;Becket, Thomas 1118 1170;176;1
57;118508172;Beckett, Samuel 1906 1989;302;1
58;118508253;Beer, Johann 1655 1700;49;1
59;118654756;Beer-Hofmann, Richard 1866 1945;204, 206, 208;3
60;120672197;Behr, Hans-Georg 1937 2010;348;1
61;118509039;Benjamin, Walter 1892 1940;207, 232, 237, 246, 269, 272 f., 279;8
62;118509047;Benn, Gottfried 1886 1956;222 224, 231, 238, 256, 268 270, 273, 299 f., 320, 363;10
63;118509179;Bense, Max 1910 1990;302;1
64;119384396;Bereska, Henry 1926 2005;342 f.;2
65;118509322;Berg, Alban 1885 1935;209;1
66;11850939X;Bergengruen, Werner 1892 1964;267, 271, 283;3
67;118509683;Bermann Fischer, Gottfried 1897 1995;271 f., 279;3
68;118656325;Bernd, Adam 1676 1748;65;1
69;118509861;Bernhard, Thomas 1931 1989;315 f., 318 f., 366;5
70;118656783;Bertram, Ernst 1884 1954;256;1
71;118510169;Bertuch, Friedrich Justin 1747 1822;117;1
72;116155353;Bethge, Friedrich 1891 1963;258;1
73;116158212;Beumelburg, Werner 1899 1963;240;1
74;11548048X;Beyer, Marcel *1965;346 f., 364;3
75;118510754;Bienek, Horst 1930 1990;327, 345;2
76;118510789;Biermann, Wolf *1936;320;1
77;118511270;Birken, Sigmund von 1626 1681;34;1
78;119025701;Blanckenburg, Friedrich von 1744 1796;91 f.;2
79;118511742;Bloch, Ernst 1885 1977;224, 232;2
80;11851217X;Boccaccio, Giovanni 1313 1375;11, 15 f.;3
81;118512315;Bodmer, Johann Jacob 1698 1783;60 f., 71;3
82;118512579;Böhme, Jacob 1575 1624;33;1
83;118512676;Böll, Heinrich 1917 1985;294, 304, 306 f., 322 f., 331;7
84;118512749;Börne, Ludwig eigentl. Löb Baruch 1786 1837;152, 154 f.;3
85;118824775;Böttiger, Karl August 1760 1835;117;1
86;118661078;Boie, Heinrich Christian 1744 1806;74;1
87;118513435;Borchardt, Rudolf 1877 1945;"232; 284";1
88;118513451;Borchert, Wolfgang 1921 1947;288;1
89;132396688;Borstell, Fritz 1834 1896;181;1
90;11851380X;Bosch, Hieronymus um 1450  um 1516;317;1
91;130407488;Bosques, Gilberto 1892 1995;278;1
92;11851444X;Brandt, Willy 1913 1992;322, 327;2
93;118514474;Brant, Sebastian 1458 1521;10, 18;2
94;118514644;Braun, Volker *1939;311, 314, 340;3
95;118514768;Brecht, Bertolt eigentl. Eugen Berthold B. 1898 1956;48, 203, 220, 230, 235, 241 f., 245 248, 250, 256, 266, 271, 274 276, 290, 292, 298, 301, 309, 320;19
96;118514776;Bredel, Willi 1901 1964;274;1
97;118514865;Breitbach, Joseph 1903 1980;357;1
98;118514881;Breitinger, Johann Jacob 1701 1776;60 f.;2
99;118515055;Brentano, Clemens 1778 1842;118, 127, 143;3
100;118515187;Breton, André 1896 1966;218;1
101;118515470;Brinkmann, Rolf Dieter 1940 1975;323 f.;2
102;118515500;Brion, Friederike 1752 1813;85;1
103;118515551;Broch, Hermann 1886 1951;251 253, 280;2
104;118515586;Brockes, Barthold Hinrich 1680 1747;50 f.;2
105;118515624;Brod, Max 1884 1968;225 227;1
106;118515691;Bronnen, Arnolt 1895 1951;220;1
107;116740906;Brück, Max von 1904 1988;270;1
108;11851587X;Brückner, Christine geb. Emde1921 1996;327, 345;2
109;118515969;Brüning, Heinrich 1885 1970;255;1
110;119491028;Brussig, Thomas *1965;342;1
111;118667823;Buback, Siegfried 1920 1977;;0
112;118516744;Buchholtz, Andreas Heinrich 1607 1671;45;1
113;118516906;Büchner, Georg 1813 1837;86, 141, 148 150, 153, 160;5
114;118517600;Burger, Hermann 1942 1989;319;1
115;118517708;Burke, Edmund 1729 1797;133;1
116;118517880;Busch, Wilhelm 1832 1908;185;1
117;118518208;Byron, George Gordon Noe¨l, 6. Baron von 1788 1824;126;1
118;118518399;Caldero´n de la Barca, Pedro 1600 1681;207;1
119;118518658;Campe, Joachim Heinrich 1746 1818;87, 96, 98;3
120;118518666;Campe, Julius 1792 1867;153;1
121;118518801;Canetti, Elias 1895 1994;330;1
122;11856014X;Carl August, Herzog von Sachsen-Weimar-Eisenach 1757 1828;102, 104, 116;3
123;118519522;Cassirer, Ernst 1874 1945;253;1
124;118668846;Caussinus, Nicolaus 1583 1651;37;1
125;;Cavacchiolo, Enrico 1885 1954;218;1
126;118519832;Ceaus¸escu, Nicolae 1918 1989;352;1
127;118519859;Celan, Paul eigentl. P. Anczel 1920 1970;300;1
128;118519891;Celtis, Konrad 1459 1508;14;1
129;1061155447;Ceram, C.W. eigentl. Kurt W. Marek 1915 1972;304;1
130;11851993X;Cervantes Saavedra, Miguel de 1547 1616;91;1
131;118519964;Cezanne, Paul 1839 1906;209, 216, 219;3
132;118520040;Chamisso, Adelbert von eigentl. Louis Charles Adelaide de Chamisso de Boncourt 1781 1838;22, 143;2
133;118520059;Chandler, Raymond 1888 1959;324;1
134;118720856;Charles I. of Great Britain 1600  1649;38;1
135;118520237;Chateaubriand, Franc¸ois Rene´, Vicomte de 1768 1848;126;1
136;120812959;Christian von Liegnitz-Brieg 1618  1672;42;1
137;11852111X;Clausewitz, Carl von 1780 1831;139;1
138;100085296;Clavie`re, Etienne 1735 1793;87;1
139;118669915;Conrad, Michael Georg 1846 1927;197;1
140;118522027;Cook, James 1728 1779;97;1
141;118676865;Cooper, James Fenimore 1789 1851;162, 188;2
142;118522175;Corneille, Pierre 1606 1684;37, 54, 56;3
143;118971158;Costa-Gavras, Constantin *1933;310;1
144;11852240X;Cotta, Johann Friedrich seit 1822: Freiherr Cotta von Cottendorf 1764  1832;117, 151;2
145;129692336;Cotta von Cottendorf, Carl Freiherr 1835 1888;180;1
146;118522469;Courths-Mahler, Hedwig 1867 1950;184;1
147;118677330;Creuzer, Friedrich 1771 1858;127;1
148;118522841;Cromwell, Oliver 1599 1658;37;1
149;118523392;Dahn, Felix 1834 1912;179;1
150;131744631;Dal, Güney *1944;365;1
151;118523708;Dante Alighieri 1265 1321;11, 16, 217, 224;4
152;118523732;Danton, Georges 1759 1794;87, 148 f.;3
153;118523813;Darwin, Charles 1809 1882;199;1
154;118524275;Defoe, Daniel 1660 1731;64;1
155;118924389;Delius, Friedrich Christian *1943;323, 340;2
156;118524844;Descartes, Rene´ 1596 1650;36, 53;2
157;118525239;Dickens, Charles 1812 1870;165;1
158;118525263;Diderot, Denis 1713 1784;58;1
159;118526162;Doderer, Heimito von 1896 1966;295, 343;2
160;118526200;Döblin, Alfred 1878 1957;245 247, 256, 272, 279 f.;5
161;118680145;Dohm, Christian Wilhelm seit 1786 »von« 1751 1820;76;1
162;116176776;Dominik, Hans 1872 1945;265;1
163;118527002;Dos Passos, John 1896 1970;279;1
164;118527053;Dostojewski, Fjodor Michailowitsch 1821 1888;165;1
165;118527533;Droste-Hülshoff, Annette Freiin von 1797 1848;145 f., 161;3
166;121063984;Dückers, Tanja *1968;350, 361;2
167;11852786X;Dürer, Albrecht 1471 1528;129;1
168;118527908;Dürrenmatt, Friedrich 1921 1990;308 f.;2
169;118672649;Dujardin, Edouard 1864 1949;204;1
170;115673776;Duve, Karen *1961;362;1
171;118681559;Ebers, Georg 1837 1898;177 f., 183;3
172;118528661;Ebner-Eschenbach, Marie Freifrau von geb. Gräfin Dubsky 1830 1916;186;1
173;118687638;Eckart, Dietrich 1868 1923;261;1
174;123729920;Eckert, Edeltraud 1930 1955;342;1
175;11852884X;Eco, Umberto *1932;335, 355;2
176;118815733;Edvardson, Cordelia *1929;349;1
177;118955586;Egloffstein, Henriette Gräfin von 1773 1864;118;1
178;118529374;Eich, Günter 1907 1972;270, 284, 294, 300;4
179;118529390;Eichendorff, Joseph von 1788 1857;132 f., 140, 146;4
180;119095785;Eichrodt, Ludwig 1827 1892;144;1
181;118529587;Einstein, Carl 1885 1940;223;1
182;118529714;Ekhof, Konrad 1720 1778;117;1
183;118530380;Engels, Friedrich 1820 1895;187;1
184;118530518;Ensslin, Gudrun 1940 1977;323 f.;2
185;118530534;Enzensberger, Hans Magnus *1929;301, 312, 332 f., 335;5
186;118530666;Erasmus von Rotterdam, Desiderius eigentl. Gerhard Gerhards 1466 [oder 1469] 1536;11 f.;2
187;11853100X;Erzberger, Matthias 1875 1921;239;1
188;118682407;Espronceda y Delgado, Jose´ de 1808 1842;126;1
189;118682555;Eucken, Rudolf 1846 1926;184;1
190;118531395;Euripides um 480 um 406 v. u. Z.;104;1
191;118531905;Fallada, Hans eigentl. Rudolf Ditzen 1893 1947;240 f.;2
192;118532022;Fassbinder, Rainer Werner 1945 1982;323;1
193;1222628465;Felseneck, Marie von eigentl. Maria Mancke 1847 1926;185;1
194;118880349;Ferdinand IV. 1633 1654;42;1
195;118686852;Fernow, Carl Ludwig 1763 1808;114;1
196;118532715;Feuchtwanger, Lion 1884 1958;250 f., 260, 271 274, 277 f., 303;7
197;118532723;Feuchtwanger, Martha 1891 1987;273;1
198;118532758;Feuerbach, Ludwig 1804 1872;168 f.;2
199;118532847;Fichte, Johann Gottlieb 1762 1814;140 142;1
200;118532871;Ficker, Ludwig von 1880 1967;221;1
201;118533061;Finck, Werner 1902 1978;260;1
202;118533185;Fischart, Johann 1546 1590;23 f., 43, 45;4
203;118533754;Flaubert, Gustave 1821 1880;165, 192;2
204;118640003;Flavius Josephus eigentl. Joseph ben Mathitjahu ha Kohen 37 oder 38 nach 100;279;1
205;118533940;Flex, Walter 1887 1917;229;1
206;118533886;Fleißer, Marieluise 1901 1974;245;1
207;11949115X;Follett, Ken *1949;355;1
208;118534262;Fontane, Theodor 1819 1898;79, 178 180, 183, 190 193, 315, 327, 340 f.;8
209;118534416;Forster, Johann Georg 1759 1794;97 f.,116, 191 f.;5
210;118534432;Forster, Johann Reinhold 1729 1798;97;1
211;118692275;Forte, Dieter *1935;346;1
212;118534556;Fouque´, Friedrich Baron de la Motte 1777 1843;127;1
213;115651470;Franck, Julia *1970;351;1
214;118534734;Frank, Anne 1929 1945;297;1
215;118534793;Frank, Leonhard 1882 1961;256;1
216;118534912;Franklin, Benjamin 1706 1790;289;1
217;;Franklin, John 1768 1847;336;1
218;118534955;Franz II. Joseph Karl 1768 1835;139;1
219;118535013;Franz Joseph I., Kaiser von Österreich 1830 1916;208;1
220;118535196;Freiligrath, Ferdinand 1810 1876;156, 169;2
221;118535269;Frenssen, Gustav 1863 1945;202;1
222;118535315;Freud, Sigmund 1856 1939;78, 203, 210, 253;4
223;118535455;Freytag, Gustav 1816 1895;156, 161, 164 168, 170, 178 f., 181 f., 188, 208, 351;11
224;119055201;Frick, Wilhelm 1877 1946;255;1
225;116789107;Fricke, Gerhard 1901 1980;256;1
226;101416016;Friedrich Christian, Herzog von Schleswig-Holstein-Augustenburg 1765  1814;116;1
227;118535749;Friedrich II., König von Preußen 1712 1786;69, 79, 92, 104, 177, 260;6
228;11954931X;Friedrich V. der Gute, König von Dänemark und Norwegen, Herzog von Schleswig und Holstein und Graf von Oldenburg und Delmenhorst 1723 1766;74;1
229;11853596X;Friedrich Wilhelm von Brandenburg, der Große Kurfürst 1620 1688;79;1
230;118535978;Friedrich Wilhelm I., König in Preußen 1688 1740;32, 53, 58 f., 64, 268;6
231;11869362X;Friedrich Wilhelm II., König von Preußen 1744 1797;104;1
232;118535994;Friedrich Wilhelm IV., König von Preußen 1795 1861;147;1
233;;Friedrichs, Jörg *1944;346;1
234;118536109;Frisch, Max 1911 1991;307 309, 312;2
235;118693719;Frischlin, Philipp Nicodemus 1547 1590;19;1
236;120218992;Fritsch, Werner *1960;367;1
237;11853694X;Fussenegger, Gertrud eigentl. Gertrud Dietz 1912 2009;262 f.;2
238;118537164;Gaiser, Gerd 1908 1976;296;1
239;104234644;Gauß, Friedrich ;354;1
240;124979610;Gebühr, Otto 1877 1954;260;1
241;11853811X;Geibel, Emanuel 1815 1884;183, 198;2
242;118538322;Gellert, Christian Fürchtegott 1715  1769;66 69, 94;2
243;118690507;George, Heinrich 1893 1946;260, 264;2
244;11853856X;George, Stefan 1868 1933;215 218, 235;2
245;118538659;Gerhardt, Paul 1607 1676;32;1
246;118538810;Gerstäcker, Friedrich 1816 1872;188;1
247;118538918;Gervinus, Georg Gottfried 1805 1871;153;1
248;118538969;Geßner, Salomon 1730 1788;65 f., 88;3
249;118717758;Gleim, Johann Wilhelm Ludwig 1719 1803;65, 69 f.;3
250;118539957;Gneisenau, August Graf Neidhardt von 1760 1831;139;1
251;118540041;Goebbels, Joseph 1897 1945;256, 261, 265;3
252;11854019X;Görres, Joseph seit 1839 »von« 1776 1848;127, 142;2
253;116731222;Goes, Gustav *1884;259;1
254;118540238;Goethe, Johann Wolfgang seit 1782 »von« 1749 1832;74, 82 89, 94 f., 102 112, 115 117, 119, 122, 126 f., 129 132, 135, 144 f., 147, 154, 163, 170, 172, 217, 234, 289, 291, 314, 324, 343, 355;27
255;118540300;Goetz, Johann Nikolaus 1721 1781;65;1
256;119501651;Goetz, Rainald *1954;361;1
257;118540386;Goeze, Johann Melchior 1717 1786;83;1
258;118540416;Gogh, Vincent van 1853 1890;219;1
259;120267756;Goldt, Max *1958;360;1
260;118540688;Goncourt, Edmond-Louis-Antoine Huot de 1822 1896;198;1
261;118540696;Goncourt, Jules Alfred Huot de 1830  1870;198;1
262;115429417;Gordon, Noah *1926;355;1
263;118695916;Göschen, Georg Joachim 1752 1828;117;1
264;118540963;Gotthelf, Jeremias eigentl. Albert Bitzius 1797 1854;161 f.;2
265;118541013;Gottsched, Johann Christoph 1700  1766;53 57, 59, 60 f., 66 f., 71, 81, 83;9
266;118696734;Gottsched, Luise Adelgunde Victorie, geb. Kulmus 1713 1762;58 f., 66 f.;4
267;118541102;Grabbe, Christian Dietrich 1801  1837;75, 122, 148 f.;4
268;118541358;Graf, Oskar Maria 1894 1967;256 f.;2
269;118541579;Grass, Günter *1927;X, 135, 298 f., 308, 322, 331, 334, 341, 344 f., 350, 357, 368 f.;15
270;118697218;Gratius, Ortwin ca. 1480 1542;13;1
271;118541978;Greiffenberg, Catharina Regina von 1633 1694;33 f.;2
272;118542192;Grillparzer, Franz 1792 1872;146, 157, 159 161, 176;4
273;118697765;Grimm, Friedrich Melchior, Baron von 1723 1807;98;1
274;118542249;Grimm, Hans 1875 1959;255, 264, 368;3
275;118542257;Grimm, Jacob 1785 1836;134 f., 150, 165, 368;5
276;118542265;Grimm, Wilhelm 1786 1859;134 f., 150;3
277;118542273;Grimmelshausen, Hans Jacob Christoffel von um 1622 1667;45 49;1
278;105744441;Groll, Gunter 1914 1986;284;1
279;118542443;Gropius, Walter 1883 1969;242;1
280;120671883;Grosse, Carl 1768 1847;126;1
281;12332243X;Grosser, Johannes Franz Gottlieb *1915;283;1
282;118542818;Grün, Max von der *1926;365;1
283;119371391;Grünbein, Durs *1962;363 f.;2
284;118542850;Gründgens, Gustaf 1899 1963;192, 260, 277;3
285;118543032;Gryphius, Andreas eig. Greif 1616  1664;34 43, 45;2
286;11894293X;Gstrein, Norbert *1961;346 f.;2
287;118543202;Günderode, Karoline von 1780 1806;326;1
288;11854327X;Günther, Johann Christian 1695  1723;52;1
289;118543768;Gutenberg, Johannes 1394/99 1468;2, 6 f., 28;4
290;118543830;Gutzkow, Karl 1811 1878;148 f., 152 f., 163 f., 166, 190;8
291;118544136;Habe, Hans eigentl. Ja´nos Be´kessy 1911 1977;293;1
292;118544209;Habermas, Jürgen *1929;330;1
293;118544330;Hacks, Peter 1928 2003;311, 343;2
294;118544381;Haeckel, Ernst 1834 1919;199;1
295;118544489;Händel, Georg Friedrich 1685 1795;50;1
296;118700421;Hagedorn, Friedrich von 1708 1754;65;1
297;118544675;Hagelstange, Rudolf 1912 1984;283;1
298;118994212;Hahn, Ulla *1946;351 f.;2
299;118544918;Hahn-Hahn, Ida eigentl. Gräfin von Hahn 1805 1860;147;1
300;118545140;Haller, Albrecht von 1708 1777;62 f., 66;3
301;118701061;Haller, Karl Ludwig von 1768 1854;142;1
302;118701142;Hallmann, Johann Christian um 1640 1704;42;1
303;11854523X;Hamann, Johann Georg 1730 1788;85;1
304;118545515;Hamsun, Knut 1959 1952;269;1
305;118545574;Handke, Peter *1942;243, 293, 311 f., 324 f., 330 f., 353 f.;10
306;118545906;Hardenberg, Karl August Freiherr von 1750 1822 ;139;1
307;118545981;Harlan, Veit 1899 1964;260;1
308;118546139;Harsdörffer, Georg Philipp 1607  1658;28;1
309;118863371;Hart, Heinrich 1855 1906;197;1
310;11872052X;Hart, Julius 1859 1930;197;1
311;118546201;Hartlieb, Johannes nach 1400 1468;9, 22;2
312;118546228;Hartmann von Aue um 1165  um 1215;21;1
313;118773356;Hartzenbusch, Juan Eugenio 1806  1880;126;1
314;118546619;Hasenclever, Walter 1890 1940;229, 274;2
315;118546864;Hauff, Wilhelm 1802 1827;143;1
316;100352952;Haugwitz, August Adolf von 1645  1707;42;1
317;118546929;Hauptmann, Elisabeth 1897 1973;248;1
318;118546937;Hauptmann, Gerhart 1862 1946;198 201, 229;2
319;118709216;Haushofer, Albrecht 1903 1945;272;1
320;118547445;Hebbel, Christian Friedrich 1813  1863;76, 160, 176;3
321;118547739;Hegel, Georg Wilhelm Friedrich 1770 1831;119, 153;2
322;140372318;Hegemann, Helene *1992;361;1
323;12414960X;Heidegger, Gotthard 1666 1711;89, 91 f.;3
324;118547798;Heidegger, Martin 1889 1976;253 f., 268, 288, 302, 315;6
325;120666553;Heidenreich, Elke *1943;358;1
326;118840991;Hein, Christoph *1944;321;1
327;118548018;Heine, Heinrich 1797 1856;126, 141, 152 156, 161, 198 f., 289, 301;8
328;118709755;Heinrich II. Plantagenet, König von England 1133 1189;176;1
329;118548247;Heinrich der Seefahrer, Infant von Portugal 1394 1460;8;1
330;118548700;Heisenbüttel, Helmut 1921 1996;301;1
331;105798258;Helfgen, Heinz 1910 1990;304;1
332;116160187;Helm, Clementine verh. Beyrich 1825 1869;184;1
333;118549030;Hemingway, Ernest 1899 1961;292, 294;2
334;116698918;Hempel, Gustav 1819 1877;180;1
335;118548174;Henri IV 1553 1610;280;1
336;118927884;Henscheid, Eckhard *1941;332;1
337;118549553;Herder, Johann Gottfried 1744 1803;61, 84 86, 89, 94,106, 113, 116 f., 119;9
338;120448041;Hermann, Judith *1970;362;1
339;118549812;Hermlin, Stephan eigentl. Rudolf Leder 1915 1977;291, 343;2
340;118550128;Herwegh, Georg 1817 1875;155, 165;2
341;118550241;Herzl, Theodor 1860 1904;208;1
342;11855042X;Hesse, Hermann 1877 1962;213 f., 229, 235, 245, 271, 286;7
343;118704281;Hettner, Hermann 1821 1882;168;1
344;118550683;Heym, Georg 1887 1912;221 f.;2
345;118550691;Heym, Stefan eigentl. Hellmuth Fliegel 1913 2001;293, 299;2
346;118550772;Heyse, Paul 1830 1914;172 f., 183 f.;4
347;119076993;Hilbig, Wolfgang 1941 2007;341;1
348;11855123X;Himmler, Heinrich 1900 1945;328;1
349;118551264;Hindenburg, Paul von Beneckendorff und 1847 1934;234, 255;2
350;118551256;Hindemith, Paul 1895 1963;248;1
351;115368302;Hirt, Aloys 1759 1837;114;1
352;118551655;Hitler, Adolf 1889 1945;251, 255, 257 f., 262, 265, 271, 274, 276;9
353;119209349;Hitzig, Julius 1780 1849;178;1
354;118551698;Hobbes, Thomas 1588 1679;53;1
355;118551736;Hochhuth, Rolf *1931;309, 320;2
356;116922346;Hocke, Gustav Rene´ 1908 1985;270, 292;2
357;11876442X;Hoddis, Jakob van eigentl. Hans Davidsohn 1887 1942;221;1
358;118551981;Hölderlin, Friedrich 1770 1843;101, 119 f., 121 f., 124, 150, 263, 302;9
359;118552023;Hölty, Ludwig Christoph Heinrich 1748 1776;74;1
360;118552589;Hoffmann genannt: von Fallersleben, August Heinrich 1798 1874;155;1
361;118706187;Hoffmann von Hoffmannswaldau, Christian früher auch: Hofmann von Hofmannswaldau 1616 1679;32;1
362;118552465;"Hoffmann, Ernst Theodor Amadeus eigentl. Wilhelm; Amadeus fingiert 1776 1822";127, 136 f., 335;4
363;11855249X;Hoffmann, Heinrich 1809 1894;185;1
364;118552759;Hofmannsthal, Hugo von 1874 1929;204 210, 215, 217, 232;4
365;118706403;Holbach, Paul Henry Thiery eigentl. Paul Heinrich Dietrich, Baron v. H., Baron d’ 1723 1789;94;1
366;118552961;Holberg, Ludvig 1684 1754;56;1
367;118706640;Holtei, Karl von 1798 1880;144 f., 151, 183, 185 f.;6
368;118553216;Holz, Arno 1863 1929;197 f., 200;3
369;11855333X;Homer 8. Jh. v. u. Z. [?];88, 112, 278;3
370;118553399;Honecker, Erich 1912 1994;313;1
371;118774883;Hooke, Robert 1635 1703;50;1
372;118553569;Horatius Flaccus, Quintus 65 v. u. Z.  8 v. u. Z.;14, 30;2
373;118553615;Horkheimer, Max 1895 1973;272;1
374;118553739;Horva´th, Ödön von 1901 1938;249 f.;2
375;118554190;Huch, Ricarda 1864 1947;256, 270 f.;3
376;118554212;Huchel, Peter 1903 1981;270, 284, 291;3
377;118554387;Huelsenbeck, Richard 1892 1974;219;1
378;118554565;Hugenberg, Alfred 1865 1951;236;1
379;118554654;Hugo, Victor 1802 1885;126, 205;2
380;118554700;Humboldt, Alexander von 1769  1859;98, 140 f., 143, 151, 354;6
381;118554727;Humboldt, Wilhelm von 1767 1835;140;1
382;118555049;Hutten, Ulrich von 1488 1523;13;1
383;118555286;Ibsen, Henrik 1828 1906;201;1
384;121846067;Illies, Florian *1971;360;1
385;118555553;Immermann, Karl Leberecht 1796  1840;157;1
386;118835327;Jacob, Heinrich Eduard 1889 1967;303;1
387;118711172;Jacobsen, Jens Peter 1847 1885;216;1
388;118556371;Jacobsohn, Siegfried 1881 1926;235;1
389;118556622;Jahn, Friedrich Ludwig 1778 1842;142;1
390;118556894;Jandl, Ernst 1925 2000;301, 363;2
391;11871189X;Jarry, Alfred 1873 1907;218;1
392;118557106;Jaspers, Karl 1883 1969;253, 288 f.;3
393;118557211;Jean Paul eigentl. Johann Paul Friedrich Richter 1763 1825;74, 101, 119, 122 126, 150, 172, 337;7
394;119001802;Jelinek, Elfriede *1946;315, 325 f., 366;4
395;115670793;Jirgl, Reinhard * 1953;347;1
396;118712683;Johann von Neumarkt um 1310  1380;2;1
397;118818260;Johannes von Tepl früher auch Johannes von Saaz um 1350  um 1414;X, 1 3, 5, 13, 224 f.;6
398;11855817X;Johnson, Uwe 1934 1984;299, 316;2
399;1042850933;Joho, Wolfgang 1908 1991;314;1
400;118712853;Johst, Hanns 1890 1978;257 f.;2
401;118558404;Joseph II., Kaiser von Österreich 1741 1790;92, 102;2
402;118558501;Joyce, James 1882 1941;204, 279, 305;3
403;118558862;Jung-Stilling, Johann Heinrich eigentl. Jung 1740 1817;95;1
404;118558846;Jungk, Robert eigentl. R. Baum 1913 1994;304, 309;2
405;119383276;Jutzi, Phil 1896 1946;247;1
406;118558587;Jünger, Ernst 1895 1998;231 f., 240, 267, 268;5
407;118714570;Kästner, Abraham Gotthelf 1719  1800;52;1
408;118559206;Kästner, Erich Pseud. Berthold Bürger 1899 1974;234, 237, 243 f., 260, 293, 301;7
409;118559222;Käutner, Helmut 1908 1980;260;1
410;118559230;Kafka, Franz 1883 1924;224 227, 286, 303, 305, 320 f.;6
411;118559427;Kaiser, Georg 1878 1945;220, 256;2
412;118559788;Kant, Hermann *1926;310, 320;2
413;118559796;Kant, Immanuel 1724 1804;61, 85, 99, 104, 113, 130;6
414;118559931;Karavan, Dani *1930;273;1
415;118560158;Karl Eugen, Herzog von Württemberg 1728 1793;98;1
416;11913988X;Karl Wilhelm Ferdinand von Braunschweig-Wolfenbüttel 1735 1806;109;1
417;118560085;Karl IV., Kaiser 1316 1378;2 f.;2
418;118560034;Karl der Große 747/48 814;6;1
419;118560360;Kasack, Hermann 1896 1966;285;1
420;118560395;Kaschnitz, Marie Luise Freifrau von 1901 1974;270;1
421;118560565;Katharina II., Kaiserin von Russland 1729 1796;92;1
422;115812431;Kehlmann, Daniel *1975;354 f.;2
423;11750727X;Keil, Ernst 1816 1878;182;1
424;11856109X;Keller, Gottfried 1819 1890;147, 168 172, 181, 260, 324;5
425;117759260;Keller, Werner 1909 1980;304;1
426;118561359;Kempowski, Walter 1929 2007;345 f.;2
427;119111071;Kerkeling, Hape d. i. Hans-Peter Wilhelm K. *1964;354 f.;2
428;118561545;Kerner, Justinus Andreas Christian 1786 1862;143;1
429;11856157X;Kerr, Alfred eigentl. A. Kempner 1867 1948;271;1
430;119204290;Kerte´zs, Imre *1929;349;1
431;118561715;Kesten, Hermann 1900 1996;273 f.;2
432;118722123;Keun, Irmgard 1905 1982;244 f., 253;3
433;118562193;Kindermann, Heinz 1894 1985;263;1
434;118723081;Kippenberg, Anton 1874 1950;;0
435;118562312;Kipphardt, Heinar 1922 1982;309 f.;2
436;118562487;Kirsch, Sarah geb. Ingrid Bernstein *1935;320;1
437;118562517;Kirst, Hans Hellmut 1914 1989;296;1
438;118562533;Kisch, Egon Erwin 1885 1948;225, 236;2
439;118562827;Klee, Paul 1879 1940;224;1
440;118563076;Kleist, Heinrich von 1777 1811;75, 101, 119, 121 124, 142, 150, 260;7
441;118563238;Klepper, Jochen 1903 1942;268;1
442;121401030;Kling, Thomas 1957 2005;363;1
443;118563386;Klopstock, Friedrich Gottlieb 1724  1803;63, 71 76, 87 f., 90, 119, 122;7
444;119071738;Klüger, Ruth *1931;349 f.;2
445;118563491;Kluge, Alexander *1932;323;1
446;118723863;Knorr von Rosenroth, Christian 1636  1689;33;1
447;118564366;König, Friedrich 1774 1833;151;1
448;119520621;Köppen, Edlef 1893 1939;240, 242;2
449;118564471;Koeppen, Wolfgang 1906 1996;304 306;1
450;118713507;Körner, Theodor 1791 1813;141;1
451;118564536;Koestler, Arthur 1905 1983;298;1
452;118713566;Kogon, Eugen 1903 1987;297;1
453;118564722;Kokoschka, Oskar 1886 1980;209, 219, 224;3
454;118885324;Kolbe, Uwe *1957;319 f.;2
455;118564803;Kolbenheyer, Erwin Guido 1878  1962;247, 255;2
456;118713728;Kolbenhoff, Walter eigentl. Walter Hoffmann 1908 1993;292 f., 306;3
457;118564943;Kollwitz, Käthe 1867 1945;255;1
458;118564994;Kolumbus, Christoph 1451 1506;6, 10;2
459;118565273;Kopernikus, Nikolaus 1473 1543;6;1
460;118565494;Kornfeld, Paul 1889 1942;225;1
461;118565796;Kotzebue, August von 1761 1819;158;1
462;118565877;Kracauer, Siegfried 1889 1966;245;1
463;120013428;Kracht, Christian *1966;360;1
464;106148222;Krämer, Karl Emerich 1918 1987;205;1
465;118824031;Kranz, Herbert 1891 1973;265;1
466;118566288;Kraus, Karl 1874 1936;211 f., 221;3
467;118566393;Krauss, Werner 1900 1976;285 f.;2
468;11871595X;Kreuder, Ernst 1903 1972;285;1
469;118566962;Kroetz, Franz Xaver *1946;77;1
470;118566997;Krolow, Karl *1915 1999;284;1
471;118890948;Krug, Manfred *1937;310;1
472;11899011X;Kühn, Dieter *1935;4;1
473;11872522X;Kuhlmann, Quirinus 1651 1689;34;1
474;118568124;Kunze, Reiner *1933;321;1
475;118778277;Kurz, Hermann 1813 1873;172;1
476;118723073;Kußmaul, Adolf 1822 1902;144;1
477;119557835;-ky eigentl. Horst Bosetzky *1938;;0
478;118726102;La Mettrie, Julien Offroy de 1709  1751;94;1
479;118569767;La Roche, Sophie von geb. Gutermann 1731 1807;94;1
480;11856868X;Lafontaine, Jean de 1621 1695;66;1
481;118725971;Lagarde, Paul Anton de 1827 1891;229;1
482;11872634X;Langbehn, Julius 1851 1907;202, 229;2
483;121242307;Lange, Alexa Henning von *1973;350;1
484;118569368;Lange, Horst 1904 1971;270, 284;2
485;11856949X;Langgässer, Elisabeth 1899 1950;270, 284 f., 349;4
486;118569538;Langhoff, Wolfgang 1901 1966;276;1
487;118569880;Lasker-Schüler, Else 1869 1945;221;1
488;118569910;Lassalle, Ferdinand 1825 1869;155;1
489;118570080;Laube, Heinrich 1896 1884;152, 160;2
490;120849607;Lebert, Benjamin *1982;360;1
491;121579018;Ledig, Gert 1921 1999;295;1
492;118571036;Leha´r, Franz 1870 1948;209;1
493;118571095;Lehmann, Wilhelm 1882 1968;270, 284;2
494;118571249;Leibniz, Gottfried Wilhelm 1646  1716;26, 53, 61, 70, 79;5
495;118571370;Leisewitz, Johann Anton 1752 1806;74;1
496;118571508;Lenau, Nikolaus eigentl. Nikolaus Franz Niembsch, Edler von Strehlenau 1802 1850;143;1
497;118571656;Lenz, Jakob Reinhold Michael 1751 1792;86, 149, 292, 325;4
498;118571680;Lenz, Siegfried *1926;294, 308, 327 f., 331;5
499;118571796;Leonhard, Wolfgang *1921;298;1
500;118571834;Leopardi, Giacomo 1798 1837;126;1
501;118572121;Lessing, Gotthold Ephraim 1729 1781;26, 62, 65 67, 70 f., 75 85, 88, 90, 106, 115, 119, 260, 289;13
502;118572326;Levi, Primo 1919 1987;348;1
503;118572393;Lewald, Fanny 1811 1889;147;1
504;11857275X;Liebknecht, Karl 1871 1919;239;1
505;11877994X;Lienhard, Friedrich 1865 1929;202;1
506;118572997;Lillo, George 1693 1739;77;1
507;11857342X;Lipsius, Justus auch Joest Lips 1547 1606;29;1
508;118573446;Liscow, Christian Ludwig 1701  1760;67;1
509;118573748;Locke, John 1632 1704;53, 57;2
510;118728814;Loerke, Oskar 1884 1941;270, 285;2
511;11857390X;Loest, Erich *1927;321;1
512;11872889X;Logau, Friedrich Freiherr von 1604  1655;171;1
513;118574078;Lohenstein, Daniel Casper von 1635  1683;40 43, 45;2
514;121446174;Lohenstein, Johann Casper von Lebensd. unbek.;40;1
515;11857423X;Loos, Adolf 1870 1933;209;1
516;1243909935;Louis XIV 1638 1715;28;1
517;118574949;Louis XVI 1754 1793;98;1
518;118574884;Ludwig I. von Bayern 1786 1868;115;1
519;118574892;Ludwig II. von Bayern 1845 1886;177;1
520;118574973;Ludwig, Otto 1813 1865;167 f.;2
521;118729578;Lueger, Karl 1844 1910;208;1
522;11857518X;Luka´cs, Georg 1885 1971;112, 279, 302 f.;4
523;118575228;Lukianos um 120 um 180;103;1
524;118575449;Luther, Martin 1483 1546;5, 6, 16  20, 86, 122, 236;6
525;118575503;Luxemburg, Rosa 1871 1919;239;1
526;118575767;Mach, Ernst 1838 1916;209 f.;2
527;118575775;Machiavelli, Niccolo` 1469 1527;39, 49;2
528;11857647X;Maimon, Salomon 1753 1800;76;1
529;118640801;Majakovskij, Vladimir 1893 1930;218;1
530;118576771;Mallarme´, Ste´phane eigentl. Etienne 1842 1898;205;1
531;120863855;Mankell, Henning *1948;355 f.;2
532;118747436;Mann, Erika 1905 1969;273;1
533;118577123;Mann, Golo 1909 1994;272 f.;2
534;118577131;Mann, Heinrich 1871 1950;213  215, 229 f., 232, 255, 271 273, 280, 290 f.;9
535;118577158;Mann, Klaus 1906 1949;269, 273 f., 277;4
536;118577166;Mann, Thomas 1875 1955;174, 194, 213 215, 229 f., 232 f., 351, 245, 253, 256, 271 f., 274, 278, 280 f., 283, 286 f., 290 f., 303, 343;24
537;118577409;Manzoni, Alessandro 1785 1873;126;1
538;11857745X;Marc, Franz 1880 1916;224;1
539;118577638;Marcuse, Herbert 1898 1979;112;1
540;118577646;Marcuse, Ludwig 1894 1971;273;1
541;118577867;Maria Theresia, Kaiserin von Österreich 1717 1780;92;1
542;118781936;Marinetti, Filippo Tommaso 1876  1944;218, 269;2
543;118731092;Marlitt, Eugenie eigentl. E. John 1825 1887;194;1
544;128897708;Maron, Karl 1903 1975;340;1
545;118842269;Maron, Monika *1941;340;1
546;115518568;Martin, Hansjörg 1920 1999;334;1
547;118578537;Marx, Karl 1818 1883;112, 155, 167, 187;4
548;118578626;Masaryk, Toma´sˇ 1850 1937;274;1
549;118578847;Matisse, Henri 1869 1954;219;1
550;118579304;Mauthner, Fritz 1849 1923;210;1
551;118579371;Maximilian I., Kaiser 1483 1519;11;1
552;118579347;Maximilian II. Joseph, König von Bayern 1811 1864;183;1
553;118818651;May, Karl 1843 1912;188 f., 190, 265;4
554;118579568;Mayer, Hans 1907 2001;166;1
555;118579819;Meckel, Christoph *1935;329;1
556;118579827;Meckel, Eberhard 1907 1969;329;1
557;118583166;Mehmed II. Fatih, Sultan 1432 1481;10;1
558;118579983;Mehring, Walter 1896 1981;234 f., 237;3
559;118580140;Meinecke, Friedrich 1862 1954;233;1
560;120020513;Meinecke, Thomas *1955;360;1
561;118580175;Meinhof, Ulrike 1934 1976;322;1
562;118580485;Melanchthon, Philipp d. i. Ph. Schwarzerd 1497 1560;18;1
563;119524678;Menasse, Robert *1954;337;1
564;118580744;Mendelssohn, Moses 1729 1786;76;1
565;118580779;Mendelssohn Bartholdy, Felix 1809 1847;167;1
566;116886234;Menzel, Herybert 1906 1945;262;1
567;118580949;Menzel, Wolfgang 1798 1873;152;1
568;118581015;Merck, Johann Heinrich 1741 1791;94;1
569;11858104X;Mereau, Sophie 1770 1806;118;1
570;118581775;"Meyer, Conrad Ferdinand Ferdinand seit 1877; fingiert 1825 1898";173 176;1
571;118783610;Meyer, Joseph 1796 1856;180 f.;2
572;118733389;Meyer, Johann Heinrich 1760 1832;113, 117;2
573;118582038;Meyfarth, Johann Matthäus 1590  1642;42;1
574;118582046;Meyrink, Gustav eigentl. G. Meyer 1868 1932;225;1
575;12264459X;Michel, Karl Markus 1929 2000;312;1
576;11873377X;Mickiewiecz, Adam 1798 1855;126;1
577;118582267;Miegel, Agnes 1879 1964;262;1
578;118582607;Milton, John 1608 1674;31, 60, 71;3
579;118582801;Mitscherlich, Alexander 1908 1982;;0
580;118582879;Mitternacht, Johann Sebastian 1613  1679;39;1
581;118844431;Möller, Eberhard Wolfgang 1906  1972;259;1
582;118734423;Moeller van den Bruck, Arthur 1876  1925;231 f.;2
583;118784412;Möllhausen, Balduin 1825 1905;188;1
584;118583107;Mörike, Eduard 1804 1875;143  145, 161, 183;3
585;11858314X;Möser, Justus 1720 1794;113;1
586;118583204;Moholy-Nagy, La´szlo´ 1895 1946;242 f.;2
587;11858331X;Molie`re eigentl. Jean Baptiste Poquelin 1622 1673;56, 58, 79, 121, 187, 292, 332;7
588;118734601;Molo, Walter Reichsritter von 1880  1958;283;1
589;118583425;Mommsen, Theodor 1817 1903;184;1
590;118583573;Montaigne, Michel Eyquem Seigneur de 1533 1592;12, 16;2
591;118583670;Montesquieu, Charles de Secondat, Baron de la Bre`de et de M. 1689  1755;97;1
592;11881169X;Morgenstern, Christian 1871 1914;211, 219;2
593;118817663;Morgner, Irmtraud eigentl. Irmtraut Elfriede Schreck 1933 1990;327;1
594;118584162;Moritz, Karl Philipp 1756 1793;72, 76, 95, 110, 124, 324;6
595;115487719;Morshäuser, Bodo *1953;332;1
596;118641158;Morus, Thomas auch Th. More 1478 1535;;0
597;122571126;Mosebach, Martin *1951;367 f.;2
598;118584596;Mozart, Wolfgang Amadeus 1756  1791;136, 161;2
599;118584758;Mühsam, Erich 1878 1934;272;1
600;118584790;Müller, Adam seit 1826 »von« 1779  1829;127, 134;2
601;118584944;Müller, Heiner 1929 1995;314 f., 366;3
602;119053071;Müller, Herta *1953;352 f.;2
603;1069335347;Münchmeyer, Heinrich Gotthold 1836 1892;189;1
604;118585541;Münzenberg, Willi 1889 1940;236;1
605;118735225;Mundt, Theodor 1808 1861;152;1
606;118585886;Murner, Thomas 1475 1537;16 f.;2
607;118735365;Musäus, Johann Karl 1735 1787;117;1
608;118585916;Musil, Robert Edler von 1880 1942;212 f., 251 253;3
609;119282437;Nadolny, Sten *1942;335;1
610;118785656;"Naogeorgus, Thomas eigentl. Kirchmair;Kirchmayer; Kirchmeyer 1511 1563";19;1
611;118586408;Napoleon I., Kaiser der Franzosen 1769 1821;139, 141, 148, 178;4
612;119108291;Naumann, Hans 1886 1951;256;1
613;118587013;Nerval, Ge´rard de eigentl. Ge´rard Labrunie 1808 1855;126;1
614;118587080;Nestroy, Johann Nepomuk 1801  1862;157, 159 f., 168, 187;5
615;118738577;Neuber, Friederike Caroline geb. Weißenborn 1697 1760;55;1
616;118738607;Neugebauer, Wilhelm Ehrenfried 1735 [oder 1736] 1767;;0
617;107318237;Neukrantz, Klaus 1895[?] nach 1941;238, 272;2
618;119331438;Neumann, Friedrich 1889 1978;256;1
619;118587331;Neumann, Robert 1897 1975;280;1
620;118734687;Neutsch, Erik *1931;309;1
621;118587544;Newton, Isaak 1643 1727;53;1
622;118587668;Nicolai, Friedrich 1733 1811;97, 99;2
623;118587900;Niemöller, Martin 1892 1984;276;1
624;118587943;Nietzsche, Friedrich 1844 1900;195 f., 203, 217, 286;5
625;118831542;Nolte, Ernst *1923;330;1
626;11858877X;Nossack, Hans Erich 1901 1977;285;1
627;118588893;Novalis eigentl. Georg Friedrich Philipp Freiherr von Hardenberg 1772 1801;129 f.;2
628;118735780;Obereit, Jacob Hermann 1725 1798;61;1
629;119406586;Özdamar, Emine Sevgi *1946;365;1
630;130370533;Ohnesorg, Benno 1940 1967;322;1
631;118590111;Opitz, Martin 1597 1639;25 31, 33, 35, 37, 43;5
632;117136379;Oppenberg, Ferdinand 1908 1989;263;1
633;118757733;Oppenheimer, Joseph Sü. 1698  1738;250;1
634;118736450;Oppermann, Heinrich Albert 1812  1870;179;1
635;130052957;Oprecht, Emil 1895 1952;274;1
636;118590219;Orff, Carl 1895 1982;208;1
637;119175797;Ortheil, Hanns-Josef *1951;336;1
638;118590359;Orwell, George eigentl. Eric Blair 1903 1950;301;1
639;118590391;Ossietzky, Carl von 1889 1938;236, 272;2
640;118590618;Oswald von Wolkenstein 1377[?]  1445;1, 3 5;2
641;118590901;Otto-Peters, Louise 1809 1885;147;1
642;118590995;Ovidius Naso, Publius 43 v. u. Z.  18 n. u. Z.;14, 335;2
643;118591673;Paquet, Alfons 1881 1944;270;1
644;11859169X;Paracelsus d. i. Theophrastus Bombast von Hohenheim 1491 1541;33;1
645;11891118X;Pastior, Oskar 1927 2006;352 f.;2
646;;Pauli, Johannes nach 1450 um 1530;20;1
647;118593234;Petrarca, Francesco 1304 1374;3, 11, 16, 31;4
648;118842706;Pausewang, Gudrun *1928;333;1
649;121449890;Peltzer, Ulrich *1956;368;1
650;120931281;Petersdorfff, Dirk von *1966;364;1
651;118963414;Peymann, Claus *1937;315;1
652;118812645;Pfemfert, Franz 1879 1954;219;1
653;118594206;Picasso, Pablo 1881 1973;328;1
654;118742418;Pico della Mirandola, Giovanni 1463  1494;13;1
655;118594273;Pieck, Wilhelm 1876 1960;290;1
656;118742647;Pinthus, Kurt 1886 1975;220;1
657;118594605;Pirckheimer, Willibald auch Pirkheimer 1470 1530;15;1
658;118594648;Piscator, Erwin 1893 1966;248 f., 309;3
659;118594974;Plautus, Titus, Maccius 250[?] 184 v. u. Z.;14;1
660;118595024;Plenzdorf, Ulrich 1934 2007;313 f.;2
661;118641719;Plievier, Theodor auch Plivier 1892 1955;240, 295;2
662;11859527X;Poe, Edgar Allan 1809 1849;126, 317;2
663;118840967;Pörtner, Rudolf 1912 2001;304;1
664;118595717;Ponto, Jürgen 1923 1977;322;1
665;118595741;Pope, Alexander 1688 1744;51;1
666;123707021;Poschmann, Marion *1969;364;1
667;118596039;Pound, Ezra 1885 1972;269;1
668;11859687X;Prutz, Robert 1816 1872;;0
669;118597434;Raabe, Paul *1927;26;1
670;118597442;Raabe, Wilhelm 1831 1910;74, 146, 167, 183, 189 f.;6
671;118597450;Rabelais, Franc¸ois 1494 1553;24 f., 280;3
672;118743368;Rabener, Gottlieb Wilhelm 1714  1771;67;1
673;118597523;Racine, Jean Baptiste 1639 1699;39, 56, 278;3
674;118597787;Raffael 1483 1520;12;1
675;118597914;Raimund, Ferdinand eigentl. Raimann 1790 1836;158 160, 186;2
676;118598279;Ranke, Leopold seit 1865 »von« 1795 1886;177;1
677;118956299;Ransmayr, Christoph *1954;336;1
678;11951432X;Raschke, Martin 1905 1943;269, 284;2
679;118598430;Rathenau, Walther 1867 1922;239, 251;2
680;11637408X;Reclam, Anton Philipp 1807 1896;180;1
681;119483548;Reger, Erik eigentl. Hermann Dannenberger 1893 1954;242;1
682;118599194;Reich-Ranicki, Marcel *1920;348, 350, 358;3
683;118744070;Reimann, Brigitte 1933 1973;327;1
684;118599259;Reimarus, Hermann Samuel 1694  1768;83;1
685;118599380;Reinhardt, Max eigentl. Max Goldmann 1873 1943;248 f.;2
686;118599631;Remarque, Erich Maria eigentl. Erich Paul Remark 1898 1970;240, 246;2
687;1072379635;Reuchlin, Johannes 1455 1522;13 f.;2
688;118744690;Reuter, Christian 1656 um 1712;43, 49;2
689;118599976;Reuter, Fritz 1810 1874;186;1
690;107088207;Rhoden, Emmy von eigentl. Emmy von Friedrich, geb. Kühne 1832 1885;185;1
691;118600346;Richardson, Samuel 1689 1761;68;1
692;118600451;Richter, Hans Werner 1908 1993;292 294;1
693;118600761;Riefenstahl, Leni 1902 2003;261;1
694;118745220;Rienzo, Cola di eigentl. Nicola di Lorenzo um 1313 1354;3;1
695;11874528X;Rietschel, Ernst 1804 1861;115;1
696;118601024;Rilke, Rainer Maria 1875 1926;215  217, 229, 235, 263;4
697;118601032;Rimbaud, Arthur 1854 1891;205, 221;2
698;118745425;Rist, Johann 1607 1667;30;1
699;118745468;Ritter, Johann Wilhelm 1776 1810;136;1
700;118601563;Robespierre, Maximilien de 1758  1794;148 f.;2
701;118601717;Rodin, Auguste 1840 1917;216;1
702;11913862X;Rohwedder, Detlev 1932 1991;340;1
703;118602667;Rosegger, Peter 1843 1918;187, 263;2
704;118602691;Rosenberg, Alfred 1893 1946;266;1
705;118841750;Roth, Gerhard *1942;319;1
706;118603140;Roth, Joseph 1894 1939;187, 251  253, 273, 278;4
707;118603426;Rousseau, Jean-Jacques 1712 1778;63, 65, 70, 81, 85, 88, 96 f.;8
708;122340469;Rowling, Joanne K. *1965;355;1
709;118603701;Rudolf II., dt. Kaiser 1576 1612;;0
710;118603949;Rühmann, Heinz 1902 1994;260;1
711;119368617;Rust, Bernhard 1883 1945;255;1
712;118604449;Saar, Ferdinand von 1833 1906;186;1
713;118604597;Sachs, Hans 1494 1576;20;1
714;118604627;Sachs, Nelly 1891 1970;275;1
715;118750747;Sahl, Hans 1902 1993;275;1
716;118605151;Salomon, Ernst von 1902 1972;298;1
717;118840819;Salten, Felix eigentl. Siegmund Salzmann 1869 1945;204;1
718;11860564X;Sartre, Jean-Paul 1905 1980;289 f., 303;3
719;118605909;Savigny, Friedrich Karl von 1779  1861;134;1
720;118794809;Scaliger, Julius Caesar eigentl. Bordone della Scala 1484 1558;26;1
721;119223104;Schädlich, Hans Joachim *1935;341;1
722;118794868;Schäfer, Wilhelm 1868 1952;255;1
723;118606433;Schallück, Paul 1922 1976;308;1
724;115612211;Schami, Rafi *1946;365;1
725;118606557;Scharnhorst, Gerhard Johann David von 1755 1813;139;1
726;121214516;Scheck, Denis *1964;358;1
727;118754351;Scheidemann, Philipp 1865 1939;239;1
728;118607057;Schelling, Friedrich Wilhelm Joseph 1775 1854;113, 119, 135;3
729;11899395X;Schenzinger, Karl A. 1886 1962;264;1
730;118607200;Scherer, Wilhelm 1841 1886;197;1
731;11860743X;Schickele, Rene´ 1883 1940;219, 273;2
732;118607499;Schiele, Egon 1890 1918;209;1
733;118607626;Schiller, Friedrich seit 1802 »von« 1759 1805;61, 74, 77, 86 f., 90, 94, 98, 102, 106, 109 116, 118 f., 124, 126, 242, 289, 309;18
734;118607804;Schirach, Baldur von 1907 1974;262;1
735;118607871;Schlaf, Johannes 1862 1941;198, 200;2
736;11860788X;Schlageter, Albert Leo 1894 1923;257 f.;2
737;118818724;Schleef, Einar 1944 2001;366 f.;2
738;118607960;Schlegel, August Wilhelm seit 1815 »von« 1767 1845;62, 128;2
739;118607987;Schlegel, Friedrich seit 1815 »von« 1772 1829;62, 113, 127 129, 355;4
740;118608002;Schlegel, Johann Elias 1719 1749;62, 85;2
741;118608037;Schleicher, Kurt von 1882 1934;239;1
742;118608045;Schleiermacher, Friedrich Daniel Ernst 1768 1834;140;1
743;118608142;Schleyer, Hanns Martin 1915 1977;322 f.;2
744;118608193;Schlick, Moritz 1882 1936;220;1
745;120371715;Schlingensief, Christoph 1960 2010;367;1
746;115673784;Schlink, Bernhard *1944;350;1
747;118608312;Schlöndorff, Volker *1939;323;1
748;118608703;Schmidt, Arno 1914 1979;XI, 306 f., 317 f., 343, 347;7
749;118608746;Schmidt, Erich 1853 1913;197;1
750;11875968X;Schmidt, Julian 1818 1886;165;1
751;118609475;Schnabel, Johann Gottfried 1692  nach 1750;63, 64;2
752;119413574;Schneider, Hans Ernst auch Hans Schwerte 1909 1999;266;1
753;118758675;Schneider, Peter *1940;312, 325;2
754;118609629;Schneider, Reinhold 1903 1958;267, 284;2
755;119279487;Schneider, Robert *1961;336;1
756;119393603;Schneider, Rolf *1932;314;1
757;118609807;Schnitzler, Arthur 1862 1931;204 f., 209;3
758;118610023;Schönberg, Arnold 1874 1951;209;1
759;123164931;Schönborner, Georg 1579 1637;36;1
760;118610465;Schopenhauer, Arthur 1788 1860;177, 185, 234;3
761;118610473;Schopenhauer, Johanna 1766 1838;118;1
762;118610880;Schröder, Rudolf Alexander 1878  1962;229, 284;2
763;118610953;Schubart, Christian Friedrich Daniel 1739 1791;97;1
764;118610937;Schubert, Gotthilf Heinrich 1780  1860;136;1
765;120526107;Schulze, Ingo *1962;342;1
766;118611658;Schumann, Gerhard 1911 1995;262 f.;2
767;118762745;Schwab, Gustav 1792 1850;142;1
768;118612093;Schwarzschild, Leopold 1891 1950;236;1
769;118612301;Schwitters, Kurt 1887 1948;219;1
770;118612409;Scott, Sir Walter 1771 1832;126;1
771;119310007;Sebald, Winfried Georg 1944 2001;346;1
772;118612743;Seghers, Anna eigentl. Netty Radvanyi, geb. Reiling 1900 1983;238, 276  279, 289 f., 303;5
773;118613170;Sempru´n, Jorge *1923;349;1
774;118613200;Seneca, Lucius Annaeus 4 v. u. Z.  65 n.u. Z.;30, 37;2
775;118613642;Seyler, Abel 1730 1800;117;1
776;116720964;Seyler, Friederike 1737 o. 1738 1789;117;1
777;118613693;Shaftesbury, Anthony Ashley Cooper, 3rd Earl of 1671 1713;;0
778;118613723;Shakespeare, William 1564 1616;62, 81 f., 198, 292, 315;6
779;118797166;Siegmund von Bayern 1439 1501;9;1
780;118614185;"Sigmund, König von Ungarn; dt. König; seit 1433 dt. Kaiser 1368 1437";3;1
781;118614339;Silcher, Friedrich 1789 1860;154;1
782;118614444;Simmel, Johannes Mario *1924;333 f.;2
783;118615483;Sommer, Ernst 1888 1955;225, 277, 280;3
784;118798065;Sorge, Johannes Reinhard 1892  1916;220;1
785;11861598X;Spee von Langenfeld, Friedrich 1591  1635;33;1
786;118616099;Spener, Philipp Jakob 1635 1705;34;1
787;119151839;Sperr, Martin 1944 2002;309;1
788;117484970;Spoerl, Heinrich 1887 1955;260;1
789;118616455;Spyri, Johanna 1827 1901;185;1
790;118616587;Stadler, Ernst 1883 1914;221 f.;2
791;118752588;Staiger, Emil 1908 1987;312;1
792;576504440;Stalin, Josef eigentl. Iossif Wissarionowitsch Dschugaschwili 1879 1953;274, 291, 303;3
793;118617036;Stefan, Verena *1947;325;1
794;118617273;Stein, Heinrich Friedrich Karl Reichsfreiherr vom und zum 1757 1831;139;1
795;118617648;Stendhal eigentl. Marie-Henri Beyle 1783 1842;165;1
796;11861794X;Sterne, Laurence 1713 1768;91 f., 124;3
797;118617958;Sternheim Carl 1878 1942;220;1
798;118753681;Steuben, Fritz eigentl. Erhard Witteck 1889 1981;265;1
799;118618121;Stieler, Kaspar 1632 1707;27 f.;2
800;118618156;Stifter, Adalbert 1805 1868;146, 162 f.;3
801;118618393;Stoecker, Adolf 1835 1909;208;1
802;118755544;Stolberg-Stolberg, Christian Graf zu 1748 1821;74;1
803;118755552;Stolberg-Stolberg, Friedrich Leopold Graf zu 1750 1819;74, 116;2
804;118618725;Storm, Theodor 1817 1888;162, 173 175;2
805;118618830;Stramm, August 1874 1915;222;1
806;118619047;Strauß, Botho *1944;316, 331;2
807;118755846;Strauß, Emil 1866 1960;213, 255;2
808;;Strauß, Johann 1825 1899;206, 209;2
809;118619314;Strindberg, August 1849 1912;202;1
810;118619322;Strittmatter, Erwin 1912 1994;311, 314, 328;3
811;118619454;Struck, Karin *1947;325;1
812;120467356;Stuckrad-Barre, Benjamin von *1975;360;1
813;118619853;Sudermann, Hermann 1857 1928;200;1
814;118619861;Sue, Euge`ne 1804 1857;164;1
815;118619977;Suhrkamp, Peter eigentl. Johann Heinrich S. 1891 1959;270, 290;2
816;118885006;Süskind, Patrick *1949;335;1
817;118620193;Swift, Jonathan 1667 1745;97;1
818;118620916;Tasso, Torquato 1544 1595;105 f.;2
819;120878518;Tawada, Yoko *1960;366;1
820;122397061;Tellkamp, Uwe *1968;343;1
821;118621335;Terentius Afer, Publius 195[?] 159 v. u. Z.;14;1
822;11862136X;Tergit, Gabriele 1894 1982;244;1
823;118621483;Thackeray, William Makepeace 1811  1863;165;1
824;122486846;Theobaldy, Jürgen *1944;232;1
825;118621769;Theokritos um 310 um 350 v. u. Z.;65;1
826;118757075;Thieß, Frank 1890 1977;283;1
827;118622072;Thoma, Ludwig 1867 1921;200 f., 213, 229;4
828;118622110;Thomas von Aquin 1225 [oder 1226]  1227;12;1
829;12989432X;Tieck, Ludwig 1773 1853;64, 127, 129, 135, 151;5
830;118839276;Timm, Uwe *1940;329, 347;2
831;118623230;Toller, Ernst 1893 1939;230, 247, 271, 273 f., 276;6
832;11864291X;Tolstoj, Leo 1828 1910;165;1
833;118623575;Trakl, Georg 1887 1914;221;1
834;118623672;"Traven, B. Pseud.; eigentl. Name unbekannt 1882[?] 1969";238 f., 278;3
835;119545667;Treichel, Hans-Ulrich *1952;347;1
836;118760998;Trotta, Margarethe von *1942;323;1
837;11862444X;Tucholsky, Kurt 1890 1935;233  237, 274;2
838;118643010;Turgenjew, Iwan 1818 1883;165;1
839;118624938;Tzara, Tristan eigentl. Sami Rosenstock 1896 1963;219;1
840;118624997;Udet, Ernst 1896 1941;288;1
841;118625063;Uhland, Ludwig 1787 1862;142, 150, 165;3
842;118625179;Ulbricht, Walter 1893 1973;313;1
843;118763784;Unseld, Siegfried 1924 2002;290, 305;2
844;118803530;Urfe´, Honore´ d’ 1567 1625;43;1
845;118625756;Uz, Johann Peter 1720 1796;65;1
846;118626175;Varnhagen-von Ense, Rahel 1771  1833;127;1
847;118804219;Verlaine, Paul 1844 1896;205;1
848;118626728;Vesper, Bernward 1938 1971;324;1
849;118768239;Vesper, Will 1882 1962;266;1
850;118768913;Vogel, Henriette 1777 1811;122;1
851;118627813;Voltaire eigentl. Franc¸ois-Marie Arouet 1694 1778;70, 79, 82, 94;4
852;118627848;Vondel, Joost van den 1587 1679;37;1
853;118627910;Voß, Johann Heinrich 1751 1826;74, 98 f., 103, 109;5
854;118805819;Vring, Georg von der 1889 1968;240;1
855;118770489;Vulpius, Christian August 1762  1827;126;1
856;118628097;Wackenroder, Wilhelm Heinrich 1773 1798;129;1
857;118594117;Wagner, Richard 1813 1883;167, 176, 177;3
858;118770950;Walden, Herwarth eigentl. Georg Lewin 1878 1941;219, 221;2
859;118628666;Waldis, Burkhard um 1490 1556;20;1
860;117561592;Wallis, Samuel 1728 1795;97;1
861;118628852;Walser, Martin *1927;307, 331, 344, 349, 358;5
862;118628860;Walser, Robert 1878 1956;213 f.;2
863;118628976;Walther von der Vogelweide um 1170  um 1230;4;1
864;118629387;Wassermann, Jakob 1873 1934;256;1
865;118629743;Weber, Max 1864 1920;196;1
866;118629786;Webern, Anton 1883 1945;209;1
867;118629840;Weckherlin, Georg Rudolf 1584 1653;31, 35;2
868;118629867;Wedekind, Frank 1864 1918;202  204, 213, 229;3
869;117208612;Weerth, Georg 1822 1856;156;1
870;121186512;Weidenmann, Alfred 1918 2000;264;1
871;118630040;Weidig, Friedrich Ludwig 1791 1837;148;1
872;118630091;Weigel, Helene 1900 1971;;0
873;118630202;Weill, Kurt 1900 1950;241, 247 f.;3
874;119168324;Weiner, Richard 1884 1937;294;1
875;118766287;Weinheber, Josef 1892 1945;263;1
876;1175257354;Weise, Christian 1643 1708;43, 49;2
877;118766384;Weishaupt, Adam 1748 1830;80;1
878;118630423;Weiskopf, Franz Carl 1900 1955;225, 236;2
879;118630458;Weiß, Ernst 1882 1940;274;1
880;118630539;Weiss, Peter 1916 1982;309, 328;2
881;118630814;Wellershoff, Dieter *1925;302;1
882;118631373;Werfel, Franz 1890 1945;225, 256, 273;3
883;118631721;Wessel, Horst 1907 1930;261;1
884;118632078;Weyrauch, Wolfgang 1907 1980;271, 294;2
885;118632108;Wezel, Johann Karl 1747 1819;94 96;1
886;118632272;Wickram, Jörg um 1505 vor 1562;20, 23, 43;3
887;118632361;Wiechert, Ernst 1887 1950;266 f., 271, 287 f.;5
888;118632477;Wieland, Christoph Martin 1733  1813;71, 74, 85, 90 94, 98 104, 106, 116 f., 119, 122, 126 f., 158, 172, 355;15
889;118807226;Wienbarg, Ludolf 1802 1872;152 f.;2
890;118852485;Wiene, Robert 1881 1938;224;1
891;118632779;Wilde, Oscar 1854 1900;205;1
892;118632817;Wilder, Thornton 1897 1975;289 f.;2
893;118632892;Wilhelm II., deutscher Kaiser und König von Preußen 1859 1941;200, 202;2
894;118633600;Winckelmann, Johann Joachim 1717  1768;103, 119;2
895;118633643;Winder, Ludwig 1889 1964;225;1
896;118634267;Wittenwiler, Heinrich auch Wittenweiler 2. Hälfte 14. Jh. Anfang 15. Jh.;1, 4 f.;3
897;118634313;Wittgenstein, Ludwig 1889 1951;211, 221, 318;3
898;117453773;Wöllner, Johann Christoph 1732  1800;104;1
899;104823097;Wogatzki, Benito *1932;342;1
900;118634666;Wolf, Christa *1929;311, 313, 320 f., 326, 329, 333, 340 f.;9
901;117458600;Wolf, Ernst Wilhelm 1735 1792;117;1
902;117450022;Wolff, Eugen 1863 1929;196;1
903;118634674;Wolf, Friedrich 1888 1953;292;1
904;118854925;Wolf, Markus 1923 2006;292;1
905;118634771;Wolff, Christian 1679 1754;53, 58, 61;3
906;12053715X;Zaimog˘lu, Feridun *1964;366;1
907;116983132;Zerkaulen, Heinrich 1892 1954;258;1
908;118636596;Zesen, Philipp von 1619 1689;45;1
909;118772902;Zigler und Kliphausen, Heinrich Anselm von 1663 1696;45;1
910;118637223;Zola, Emile 1840 1902;168, 197 f.;3
911;118637304;Zuckmayer, Carl 1896 1977;249, 288;2
912;118637452;Zweig, Arnold 1887 1968;273;1
913;118637479;Zweig, Stefan 1881 1942;274, 279;2
