GND,author,title,year,state,ID_orig
118500775,Adorno,Rede über Lyrik und Gesellschaft,1951,Niedersachsen,1069
118501232,Aichinger,Das Fenster-Theater (In: Der Gefesselte),1953,Niedersachsen,645
118501259,Aitmatow,Djamila,1960,Niedersachsen,705
118501380,Albee,Zoogeschichte,1959,Niedersachsen,922
118502786,Andersch,Der Vater eines Mörders,1980,Niedersachsen,707
118502786,Andersch,Sansibar oder Der letzte Grund,1957,Niedersachsen,706
118502794,Andersen,Märchensammlung,,Niedersachsen,805
120315106,Ani,Wie Licht schmeckt,2002,Niedersachsen,646
118184555,Arjouni,Magic Hoffmann,1996,Niedersachsen,708
11850441X,Arrabal,Picknick im Felde,1959,Niedersachsen,816
118829211,Ausländer,Kindheit I,1965,Niedersachsen,978
118829211,Ausländer,Mit giftblauem Feuer,1942,Niedersachsen,1058
118829211,Ausländer,Nachtzauber,1965,Niedersachsen,1016
119406586,Özdamar,Das Leben ist eine Karawanserei,1992,Niedersachsen,771
119406586,Özdamar,Die Brücke vom Goldenen Horn,1998,Niedersachsen,1087
118512676,Böll,Ansichten eines Clowns,1963,Niedersachsen,1125
118512676,Böll,Billard um halbzehn,1959,Niedersachsen,1089
118512676,Böll,Die verlorene Ehre der Katharina Blum,1974,Niedersachsen,716
118512676,Böll,Die Waage der Baleks,1953,Niedersachsen,649
118512676,Böll,Doktor Murkes gesammeltes Schweigen und andere Satiren,1958,Niedersachsen,715
118512676,Böll,"Wanderer, kommst du nach Spa…",1950,Niedersachsen,714
118516906,Büchner,Dantons Tod,1835,Niedersachsen,876
118516906,Büchner,Lenz,1839,Niedersachsen,874
118516906,Büchner,Leonce und Lena,1836,Niedersachsen,909
118516906,Büchner,Woyzeck,1879,Niedersachsen,875
118517104,Bürger,Des Pfarrers Tochter von Taubenhain,1781,Niedersachsen,845
118517104,Bürger,Wunderbare Reisen zu Wasser und zu Lande – Feldzüge und lustige Abenteuer des Freiherrn von Münchhausen,1786,Niedersachsen,653
12493272X,Bach,Jetzt ist hier,2007,Niedersachsen,709
118505602,Bachmann,"Erklär mir, Liebe",1956,Niedersachsen,999
118505602,Bachmann,Unter Mördern und Irren,1961,Niedersachsen,1091
118505955,Bahr,Die Überwindung des Naturalismus,1891,Niedersachsen,931
133528650,Bauer,Nennt mich nicht Ismael,2008,Niedersachsen,647
128366974,Bauersima,norway.today,2000,Niedersachsen,817
118829742,Becker,Bronsteins Kinder,1986,Niedersachsen,1074
118829742,Becker,Jakob der Lügner,1969,Niedersachsen,710
118508172,Beckett,Warten auf Godot,1953,Niedersachsen,921
115371915,Begley,Lügen in Zeiten des Krieges,1994,Niedersachsen,1092
118509039,Benjamin,Berliner Kindheit um 1900,1950,Niedersachsen,711
118509047,Benn,Astern,1936,Niedersachsen,1014
118509047,Benn,Nachtcafé,1912,Niedersachsen,1024
124742823,Berg,Ein paar Leute suchen das Glück und lachen sich tot,1997,Niedersachsen,1086
124742823,Berg,Hauptsache weit (In: Das Unerfreuliche zuerst),2001,Niedersachsen,576
118509861,Bernhard,Claus Peymann kauft sich eine Hose und geht mit mir essen (Dramolette),1990,Niedersachsen,929
118509861,Bernhard,Ein Kind,1982,Niedersachsen,1126
124932479,Bessing,Tristesse Royale,1999,Niedersachsen,1151
11548048X,Beyer,Flughunde,1995,Niedersachsen,1093
11548048X,Beyer,Verklirrter Herbst,1997,Niedersachsen,1022
118510649,Bichsel,Die Tochter (in: Eigentlich möchte Frau Blum den Milchmann kennenlernen),1964,Niedersachsen,713
118510649,Bichsel,Eigentlich möchte Frau Blum den Milchmann kennenlernen,1964,Niedersachsen,648
118510754,Bienek,Gedicht von Zeit und Erinnerung III,1965,Niedersachsen,1065
118510789,Biermann,Berlin,1965,Niedersachsen,1034
136059201,Bjerg,Auerhaus,2015,Niedersachsen,1163
118512161,Bobrowski,Holunderblüte,,Niedersachsen,1062
118661175,Boldt,Auf der Terrasse des Café Josty,1912,Niedersachsen,1032
118513451,Borchert,Draußen vor der Tür,1947,Niedersachsen,818
118513451,Borchert,Kurzgeschichten,,Niedersachsen,717
118513451,Borchert,Nachts schlafen die Ratten doch,1947,Niedersachsen,650
133252922,Boyne,Der Junge im gestreiften Pyjama,2006,Niedersachsen,651
119422999,Brambach,Paul,,Niedersachsen,1051
118514644,Braun,Unvollendete Geschichte,1977,Niedersachsen,1083
118514768,Brecht,An die Nachgeborenen,1939,Niedersachsen,1015
118514768,Brecht,Baal,1922,Niedersachsen,903
118514768,Brecht,Der aufhaltsame Aufstieg des Arturo Ui,1958,Niedersachsen,907
118514768,Brecht,Der gute Mensch von Sezuan,1943,Niedersachsen,883
118514768,Brecht,Der Jasager und der Neinsager,1930,Niedersachsen,807
118514768,Brecht,Der kaukasische Kreidekreis,1948,Niedersachsen,821
118514768,Brecht,Die Dreigroschenoper,1928,Niedersachsen,819
118514768,Brecht,Die heilige Johanna der Schlachthöfe,1931,Niedersachsen,889
118514768,Brecht,Die Kleinbürgerhochzeit,1919,Niedersachsen,912
118514768,Brecht,Die Legende vom toten Soldaten,1922,Niedersachsen,1047
118514768,Brecht,Die Liebenden,1927,Niedersachsen,997
118514768,Brecht,Die Maßnahme,1930,Niedersachsen,905
118514768,Brecht,Furcht und Elend des Dritten Reiches,1938,Niedersachsen,906
118514768,Brecht,Gedanken über die Dauer des Exils,,Niedersachsen,1053
118514768,Brecht,Geschichten vom Herrn Keuner,1948,Niedersachsen,718
118514768,Brecht,Herr Puntila und sein Knecht Matti,1948,Niedersachsen,908
118514768,Brecht,Kalendergeschichten,1949,Niedersachsen,719
118514768,Brecht,Leben des Galilei,1943,Niedersachsen,892
118514768,Brecht,Mutter Courage und ihre Kinder,1941,Niedersachsen,820
118514768,Brecht,Trommeln in der Nacht,1922,Niedersachsen,904
118514768,Brecht,Von der Freundlichkeit der Welt,1921,Niedersachsen,975
118515055,Brentano,"Der Philister vor, in und nach der Geschichte",1811,Niedersachsen,865
118515055,Brentano,Der Spinnerin Nachtlied,1818,Niedersachsen,990
118674196,Britting,Brudermord im Altwasser,1929,Niedersachsen,652
118515586,Brockes,Kirschblüte bei der Nacht,1727,Niedersachsen,1006
136148654,Bronsky,Scherbenpark,2008,Niedersachsen,1146
119491028,Brussig,Am kürzeren Ende der Sonnenallee,1999,Niedersachsen,388
119491028,Brussig,Helden wie wir,1995,Niedersachsen,1076
119491028,Brussig,Wasserfarben,1991,Niedersachsen,1135
11851928X,Carroll,Alice im Wunderland,1865,Niedersachsen,608
118519859,Celan,Todesfuge,1948,Niedersachsen,1059
118521098,Claudius,Der Mensch,1783,Niedersachsen,968
118521098,Claudius,Kriegslied,1778,Niedersachsen,1045
118521861,Conrad,Der Taifun,1902,Niedersachsen,723
118521861,Conrad,Ein Vorposten des Fortschritts,1896,Niedersachsen,722
118676865,Cooper,Lederstrumpf - Erzählungen,1823,Niedersachsen,656
129728934,Cottrell Boyce,Der unvergessene Mantel,2012,Niedersachsen,498
108082652,Craighead George,Julie von den Wölfen,1972,Niedersachsen,542
123728134,Creech,Glück mit Soße,2006,Niedersachsen,610
123728134,Creech,Leo mittendrin,2008,Niedersachsen,611
118526200,Döblin,Berlin Alexanderplatz,1929,Niedersachsen,942
118526200,Döblin,Der historische Roman und wir,1936,Niedersachsen,932
121063984,Dückers,Der längste Tag des Jahres,2006,Niedersachsen,1137
118527908,Dürrenmatt,Der Besuch der alten Dame,1956,Niedersachsen,823
118527908,Dürrenmatt,Der Richter und sein Henker,1950,Niedersachsen,726
118527908,Dürrenmatt,Der Verdacht,1951,Niedersachsen,727
118527908,Dürrenmatt,Die Physiker,1962,Niedersachsen,824
118527908,Dürrenmatt,Romulus der Große,1949,Niedersachsen,822
11851993X,de Cervantes Saavedra,Don Quijote,1648,Niedersachsen,654
119522713,de Cesco,Spaghetti für zwei,1986,Niedersachsen,655
118604902,de Saint-Exupéry,Der kleine Prinz,1950,Niedersachsen,685
118524275,Defoe,Robinson Crusoe,1719,Niedersachsen,657
118924389,Delius,Die Birnen von Ribbeck,1991,Niedersachsen,724
118525239,Dickens,Oliver Twist,1838,Niedersachsen,658
120869322,Doherty,"Das Mädchen, das Löwen sah",2009,Niedersachsen,612
118526634,Domin,Nur eine Rose als Stütze,1959,Niedersachsen,1056
118526952,Dorst,Die Kurve,1960,Niedersachsen,928
131915975,Dowd,"Der Junge, der sich in Luft auflöste",2009,Niedersachsen,613
11852710X,Doyle,Der Hund von Baskerville,1903,Niedersachsen,660
11852710X,Doyle,Sherlock-Holmes-Geschichten (Buchreihe),,Niedersachsen,659
121527212,Drawert,Geständnis (In: Tauben in ortloser Landschaft),1996,Niedersachsen,1068
11852741X,Drewitz,Gestern war heute: Hundert Jahre Gegenwart,1978,Niedersachsen,1117
115673776,Duve,Keine Ahnung,1999,Niedersachsen,728
11852884X,Eco,Der Name der Rose,1982,Niedersachsen,1147
12094023X,Edschmid,Das Verschwinden des Philip S.,2013,Niedersachsen,1120
118529374,Eich,Fußnote zu Rom,1964,Niedersachsen,1042
123172047,Einzmann,Da kann ich nicht nein sagen,2001,Niedersachsen,730
118530534,Enzensberger,Die Verschwundenen,,Niedersachsen,1064
118530534,Enzensberger,Geburtsanzeige,1957,Niedersachsen,977
123291453,Erpenbeck,"Gehen, ging, gegangen",2015,Niedersachsen,1153
123291453,Erpenbeck,Geschichte vom alten Kind,1999,Niedersachsen,1152
118531395,Euripides,Medea,-431,Niedersachsen,881
118536672,Fühmann,Das Judenauto,1962,Niedersachsen,665
118531905,Fallada,Kleiner Mann - was nun?,1932,Niedersachsen,731
118532022,Fassbinder,Bremer Freiheit,1971,Niedersachsen,898
119101211,Fauser,Rohstoff,1984,Niedersachsen,1114
118532839,Fichte,Versuch über Pubertät,1974,Niedersachsen,1131
136304397,Flašar,Ich nannte ihn Krawatte,2012,Niedersachsen,597
118534262,Fontane,Effi Briest,1894,Niedersachsen,934
118534262,Fontane,Frau Jenny Treibel,1892,Niedersachsen,948
118534262,Fontane,Irrungen und Wirrungen,1887,Niedersachsen,947
118534262,Fontane,Mathilde Möhring,1906,Niedersachsen,949
118534262,Fontane,Schach von Wuthenow,1882,Niedersachsen,933
115651470,Franck,Streuselschnecke,2000,Niedersachsen,732
118534734,Frank,Das Tagebuch der Anne Frank,1950,Niedersachsen,664
119220571,Frayn,Kopenhagen,1999,Niedersachsen,895
118703145,Fried,Neue Naturdichtung,1972,Niedersachsen,1018
118703145,Fried,Was es ist,1983,Niedersachsen,411
118536109,Frisch,Andorra,1961,Niedersachsen,825
118536109,Frisch,Biedermann und die Brandstifter,1958,Niedersachsen,809
118536109,Frisch,Der andorranische Jude (In: Tagebuch 1946-1949),1947,Niedersachsen,733
118536109,Frisch,Don Juan oder die Liebe zur Geometrie,1953,Niedersachsen,913
118536109,Frisch,Homo Faber,1957,Niedersachsen,841
118536109,Frisch,Stiller,1954,Niedersachsen,1124
119523604,Funke,Herr der Diebe,2000,Niedersachsen,614
119523604,Funke,Tintenherz,2003,Niedersachsen,615
118537601,García Márquez,Chronik eines angekündigten Todes,1981,Niedersachsen,766
118974815,Geiser,Brachland,1980,Niedersachsen,1106
11853856X,George,Komm in den totgesagten park (In: Das Jahr der Seele),1897,Niedersachsen,1013
http://d-nb.info/gnd/142026263,Geske,Johannes Gutenberg,1983,Niedersachsen,667
120166666,Glavinic,Das bin doch ich,2007,Niedersachsen,1141
118717758,Gleim,Krieg ist mein Lied (Bei Eröffnung des Feldzuges),1756,Niedersachsen,1044
118540505,Goldoni,Der Diener zweier Herren,1746,Niedersachsen,808
http://d-nb.info/gnd/1038169879,Gori,Ein Mensch vor dem Gericht der Tiere,1985,Niedersachsen,806
119371391,Grünbein,Pheromone,,Niedersachsen,1004
119371391,Grünbein,Schädelbasislektion I,1991,Niedersachsen,979
118541579,Grass,Beim Häuten der Zwiebel,2006,Niedersachsen,1099
118541579,Grass,Beritten hin und zurück,1958,Niedersachsen,924
118541579,Grass,Die Blechtrommel,1959,Niedersachsen,1090
118541579,Grass,Katz und Maus,1961,Niedersachsen,1072
118541579,Grass,Noch zehn Minuten bis Buffalo,1958,Niedersachsen,925
118543032,Gryphius,Menschliches Elende,1637,Niedersachsen,967
118543032,Gryphius,Tränen des Vaterlandes,1637,Niedersachsen,1043
118544551,Härtling,Oma,1975,Niedersachsen,618
118551981,Hölderlin,Hälfte des Lebens,1804,Niedersachsen,969
118551981,Hölderlin,Hymne an die Liebe,,Niedersachsen,988
118551981,Hölderlin,Hyperion,1797,Niedersachsen,859
11855199X,Höllerer,Der lag besonders mühelos am Rand,1952,Niedersachsen,1049
122381556,Hübner,Das Herz eines Boxers,1996,Niedersachsen,810
11919967X,Hürlimann,Der Filialleiter (In: Die Satellitenstadt),1992,Niedersachsen,745
119328860,Hackl,Abschied von Sidonie,1989,Niedersachsen,734
118994212,Hahn,Nach Jahr und Tag,,Niedersachsen,1066
118885693,Hakel,Jüdisches Kind 1945,1986,Niedersachsen,1060
118545574,Handke,"Die Stunde, da wir nichts voneinander wussten",1992,Niedersachsen,927
118545574,Handke,Publikumsbeschimpfungen,1966,Niedersachsen,926
118545574,Handke,Wunschloses Unglück,1972,Niedersachsen,1133
11872052X,Hart,Berlin,1889,Niedersachsen,1029
118963686,Hart,Das Wüten der ganzen Welt,1997,Niedersachsen,441
118546937,Hauptmann,Bahnwärter Thiel,1888,Niedersachsen,958
118546937,Hauptmann,Der Biberpelz,1893,Niedersachsen,828
118546937,Hauptmann,Die Weber,1892,Niedersachsen,829
118546937,Hauptmann,Rose Bernd,1903,Niedersachsen,897
118811134,Haushofer,Die Wand,1963,Niedersachsen,1118
118547445,Hebbel,Maria Magdalena,1844,Niedersachsen,882
118547445,Hebbel,Sommerbild,1848,Niedersachsen,1010
118547453,Hebel,Kalendergeschichten,1807,Niedersachsen,668
118840991,Hein,Der fremde Freund / Drachenblut,1982,Niedersachsen,1107
118840991,Hein,Von allem Anfang an,1997,Niedersachsen,1077
118548018,Heine,Das Fräulein stand am Meere,1832,Niedersachsen,1009
118548018,Heine,Deutschland. Ein Wintermärchen,1844,Niedersachsen,877
118548018,Heine,Die schlesischen Weber,1844,Niedersachsen,1067
118548018,Heine,Ein Jüngling liebt ein Mädchen,1827,Niedersachsen,993
121242307,Hennig von Lange,Ich habe einfach Glück,2001,Niedersachsen,669
124287646,Herrndorf,Diesseits des Van-Allen-Gürtels,2007,Niedersachsen,736
124287646,Herrndorf,Sand,2011,Niedersachsen,1159
124287646,Herrndorf,Tschick,2010,Niedersachsen,737
11855042X,Hesse,Stufen,1943,Niedersachsen,974
11855042X,Hesse,Unterm Rad,1906,Niedersachsen,738
119168650 + 120301911,Hetmann / Tondern,Die Rache der Raben,1995,Niedersachsen,619
118550683,Heym,Berlin I,1911,Niedersachsen,1030
118550683,Heym,Der Gott der Stadt,1910,Niedersachsen,1023
118551019,Hildesheimer,Lieblose Legenden,1952,Niedersachsen,739
118551019,Hildesheimer,"Stücke, in denen es dunkel wird",,Niedersachsen,923
118551736,Hochhuth,Der Stellvertreter,1963,Niedersachsen,1096
136056431,Hof,Tote Maus für Papas Leben,2008,Niedersachsen,620
118552465,Hoffmann,Das Fräulein von Scuderi,1819,Niedersachsen,740
118552465,Hoffmann,Der goldene Topf,1814,Niedersachsen,863
118552465,Hoffmann,Der Sandmann,1816,Niedersachsen,864
119190400,Hohler,Die Rückeroberung,1982,Niedersachsen,670
118553216 + 118607871,Holz / Schlaf,Papa Hamlet,1889,Niedersachsen,957
118553216,Holz,Die Kunst - ihr Wesen und ihre Gesetze,1891,Niedersachsen,930
118553216,Holz,Phantasus,1898,Niedersachsen,1070
119535467,Hoppe,Picknick der Friseure,1996,Niedersachsen,742
119535467,Hoppe,Pigafetta,1999,Niedersachsen,743
120078007,Hornby,High Fidelity,1995,Niedersachsen,741
128794755,Hosseini,Drachenläufer,2003,Niedersachsen,1144
118554212,Huchel,"Chausseen, Chausseen",1963,Niedersachsen,1048
118554212,Huchel,Der Garten des Theophrast,1963,Niedersachsen,1017
118554212,Huchel,Winterpsalm,,Niedersachsen,1063
118555286,Ibsen,Ein Volksfeind,1883,Niedersachsen,893
118555286,Ibsen,Nora oder Ein Puppenheim,1880,Niedersachsen,896
118555707,Ionesco,Der König stirbt,1962,Niedersachsen,918
118555707,Ionesco,Die kahle Sängerin,1950,Niedersachsen,920
118555707,Ionesco,Die Nashörner,1959,Niedersachsen,919
118558587,Jünger,In Stahlgewittern,1920,Niedersachsen,965
11871189X,Jarry,König Ubu,1896,Niedersachsen,917
115633286,Jenny,Das Blütenstaubzimmer,1997,Niedersachsen,1134
11855817X,Johnson,Ingrid Babendererde. Reifeprüfung 1953,1985,Niedersachsen,1080
118558862,Jung-Stilling,Heinrich Stillings Jugend,1777,Niedersachsen,872
118559206,Kästner,Besuch vom Lande,1929,Niedersachsen,1033
118559206,Kästner,Das fliegende Klassenzimmer,1933,Niedersachsen,623
118559206,Kästner,Die Konferenz der Tiere,1949,Niedersachsen,624
118559206,Kästner,Emil und die Detektive,1929,Niedersachsen,621
118559206,Kästner,Fabian,1931,Niedersachsen,750
118559206,Kästner,Kurzgefasster Lebenslauf,1930,Niedersachsen,976
118559206,Kästner,Pünktchen und Anton,1931,Niedersachsen,622
118559206,Kästner,Sachliche Romanze,1928,Niedersachsen,998
121533026,Köhler,Gedicht,1991,Niedersachsen,562
119520621,Köppen,Heeresbericht,1930,Niedersachsen,966
118713507,Körner,Aufruf,1813,Niedersachsen,1046
138247633,Küchenmeister,Phönix (in: Alle Lichter),2010,Niedersachsen,1005
118559230,Kafka,Das Urteil,1913,Niedersachsen,939
118559230,Kafka,Der Aufbruch,1936,Niedersachsen,748
118559230,Kafka,Der Nachbar,1931,Niedersachsen,746
118559230,Kafka,Der Proceß,1925,Niedersachsen,940
118559230,Kafka,Die Verwandlung,1915,Niedersachsen,938
118559230,Kafka,Ein Bericht für eine Akademie,1917,Niedersachsen,955
118559230,Kafka,Heimkehr,1936,Niedersachsen,747
118559230,Kafka,In der Strafkolonie,1919,Niedersachsen,956
118776592,Kaléko,Emigranten-Monolog,1945,Niedersachsen,1055
122343247,Kaminer,Coole Eltern leben länger,2014,Niedersachsen,1161
122343247,Kaminer,Liebesgrüße aus Deutschland,2011,Niedersachsen,1160
122343247,Kaminer,Russendisko,2000,Niedersachsen,749
118560395,Kaschnitz,Das dicke Kind,1952,Niedersachsen,671
118560395,Kaschnitz,Hiroshima,1951,Niedersachsen,1050
118560395,Kaschnitz,Popp und Mingel,1960,Niedersachsen,672
115812431,Kehlmann,Die Vermessung der Welt,2005,Niedersachsen,1155
115812431,Kehlmann,F,2013,Niedersachsen,503
115812431,Kehlmann,Ruhm,2009,Niedersachsen,844
11856109X,Keller,Kleider machen Leute,1874,Niedersachsen,673
11856109X,Keller,Romeo und Julia auf dem Dorfe,1855,Niedersachsen,751
118561359,Kempowski,Im Block,1969,Niedersachsen,1073
118722123,Keun,Das kunstseidene Mädchen,1932,Niedersachsen,945
118722123,Keun,"Gilgi, eine von uns",1931,Niedersachsen,946
118562312,Kipphardt,Bruder Eichmann,1982,Niedersachsen,830
118562312,Kipphardt,In der Sache J. Robert Oppenheimer,1964,Niedersachsen,894
118562487,Kirsch,Bei den weißen Stiefmütterchen (In: Landaufenthalt),1967,Niedersachsen,1000
118562487,Kirsch,Die Nacht streckt ihre Finger aus,1974,Niedersachsen,1019
118562487,Kirsch,Naturschutzgebiet,1982,Niedersachsen,1036
11895153X,Kishon,Satiren,,Niedersachsen,752
119071738,Klüger,Weiter leben. Eine Jugend,1992,Niedersachsen,754
118563386,Klopstock,Das Rosenband,1753,Niedersachsen,986
118564471,Koeppen,Jugend,1976,Niedersachsen,1123
118777734,Kolbe,Berlin,,Niedersachsen,1038
118564951,Kolmar,Die Kröte,1938,Niedersachsen,1057
118724762,Krüss,Timm Thaler oder Das verkaufte Lachen,1962,Niedersachsen,627
120013428,Kracht,1979,2001,Niedersachsen,1150
120013428,Kracht,Faserland,1995,Niedersachsen,1085
118566288,Kraus,Das technoromantische Abenteuer,,Niedersachsen,963
118566288,Kraus,Die letzten Tage der Menschheit,1918,Niedersachsen,964
12233275X,Kressmann Taylor,Adressat unbekannt,1938,Niedersachsen,792
119263793,Kristóf,Das große Heft,1986,Niedersachsen,755
118566962,Kroetz,Heimarbeit,1971,Niedersachsen,899
118566962,Kroetz,Maria Magdalena,1973,Niedersachsen,886
1026215927,Kuhlman,Der letzte unsichtbare Junge,2010,Niedersachsen,625
1013755855,Kuhn,Mit Jeans in die Steinzeit,1984,Niedersachsen,626
118568051,Kunert,Berlin beizeiten,1987,Niedersachsen,1037
118568051,Kunert,Mondnacht,1982,Niedersachsen,1021
118568124,Kunze,Die wunderbaren Jahre,1976,Niedersachsen,756
120450321,Kurbjuweit,Zweier ohne,2001,Niedersachsen,757
103127362X,Lüscher,Frühling der Barbaren,2013,Niedersachsen,1121
118569880,Lasker-Schüler,Die Verscheuchte,1934,Niedersachsen,1052
118569880,Lasker-Schüler,Ein alter Tibetteppich,1910,Niedersachsen,996
118571680,Lenz,Das Feuerschiff,1960,Niedersachsen,758
118571680,Lenz,Der Hofmeister,1774,Niedersachsen,900
118571680,Lenz,Deutschstunde,1968,Niedersachsen,1136
118571680,Lenz,Schweigeminute,2008,Niedersachsen,759
118571680,Lenz,So zärtlich war Suleyken,1955,Niedersachsen,675
118572121,Lessing,Emilia Galotti,1772,Niedersachsen,840
118572121,Lessing,Minna von Barnhelm,1767,Niedersachsen,832
118572121,Lessing,Nathan der Weise,1779,Niedersachsen,833
118572326,Levi,Ist das ein Mensch?,1947,Niedersachsen,760
120618869,Levoy,Der gelbe Vogel,1977,Niedersachsen,676
120618869,Levoy,Ein Schatten wie ein Leopard,1981,Niedersachsen,677
118832891,Lichtenstein,Punkt,1914,Niedersachsen,1028
118573217,Lindgren,Die Brüder Löwenherz,1973,Niedersachsen,628
118573217,Lindgren,Ronja Räubertochter,1982,Niedersachsen,629
118728814,Loerke,Blauer Abend in Berlin,1911,Niedersachsen,1031
11857390X,Loest,Es geht seinen Gang oder Mühen in unserer Ebene,1978,Niedersachsen,1104
119393271,Loher,Klaras Verhältnisse,2000,Niedersachsen,916
118574183,London,Der Seewolf,1904,Niedersachsen,630
118574183,London,Wolfsblut,1906,Niedersachsen,631
118583107,Mörike,Das verlassene Mägdlein,1838,Niedersachsen,994
119208466,Maar,Lippels Traum,1984,Niedersachsen,632
1041246439,Malecha,Die Probe,1954,Niedersachsen,678
118577166,Mann,Buddenbrooks,1901,Niedersachsen,763
118577131,Mann,Der Untertan,1914,Niedersachsen,959
118577166,Mann,Mario und der Zauberer,1930,Niedersachsen,762
118577131,Mann,Professor Unrat,1905,Niedersachsen,952
118577166,Mann,Tonio Kröger,1903,Niedersachsen,761
118842269,Maron,Das Missverständnis,1982,Niedersachsen,765
118842269,Maron,Flugasche,1981,Niedersachsen,764
118842269,Maron,Stille Zeile Sechs,1991,Niedersachsen,1102
118578251,Marti,Neapel sehen: Erzählungen,1996,Niedersachsen,767
118579819,Meckel,Andere Erde,1974,Niedersachsen,1020
118579819,Meckel,Suchbild. Über meinen Vater,1980,Niedersachsen,1075
118580604,Melville,Moby Dick,1851,Niedersachsen,679
118581775,Meyer,Auf dem Canal grande,1882,Niedersachsen,971
118581775,Meyer,Das Amulett,1873,Niedersachsen,768
118581775,Meyer,Der römische Brunnen,1882,Niedersachsen,1041
118581775,Meyer,Zwei Segel,1882,Niedersachsen,995
11858331X,Molière,Der eingebildete Kranke,1673,Niedersachsen,812
11858331X,Molière,Der Geizige,1668,Niedersachsen,811
118584162,Moritz,Anton Reiser,1785,Niedersachsen,870
118920766,Mulisch,Das Attentat,1982,Niedersachsen,769
118158821,Murail,Simpel,2004,Niedersachsen,770
118585916,Musil,Die Verwirrungen des Zöglings Törleß,1906,Niedersachsen,937
118053418,Mwangi,Kariuki und sein weißer Freund,1991,Niedersachsen,633
118811738,Nöstlinger,Das Austauschkind,1982,Niedersachsen,680
118811738,Nöstlinger,Konrad oder das Kind aus der Konservenbüchse,1975,Niedersachsen,637
118811738,Nöstlinger,Wir pfeifen auf den Gurkenkönig,1972,Niedersachsen,636
137410670,Ness,Sieben Minuten nach Mitternacht,2011,Niedersachsen,634
118587080,Nestroy,Freiheit in Krähwinkel,1848,Niedersachsen,910
130691089,Neudecker,Sommernovelle,2015,Niedersachsen,1138
130014516,Nicholls,Wie man unsterblich wird – Jede Minute zählt,2008,Niedersachsen,635
118587943,Nietzsche,Vereinsamt,1887,Niedersachsen,972
118588893,Novalis,Die Christenheit oder Europa,1826,Niedersachsen,861
118589334,O'Dell,Insel der blauen Delphine,1962,Niedersachsen,638
118590111,Opitz,Ach Liebste / laß vns eilen (In: Acht Büchern Deutscher Poematum),1625,Niedersachsen,985
119175797,Ortheil,Faustinas Küsse,1998,Niedersachsen,1148
119104687,Pamuk,Rot ist mein Name,2001,Niedersachsen,772
118740083,Perutz,Der schwedische Reiter,1936,Niedersachsen,773
118595024,Plenzdorf,Kein runter kein fern,1984,Niedersachsen,1071
11859527X,Poe,Der Untergang des Hauses Usher,1901,Niedersachsen,681
11859527X,Poe,Die Morde in der Rue Morgue [auch: Der Doppelmord in der Rue Morgue],1841,Niedersachsen,682
119522667,Pohl,Meine Freundin Mia,2012,Niedersachsen,639
118596438,Preußler,Krabat,1971,Niedersachsen,640
118597442,Raabe,Die Chronik der Sperlingsgasse,1856,Niedersachsen,941
118597442,Raabe,Die schwarze Galeere,1861,Niedersachsen,774
115832874,Rabinovici,Suche nach M.,1997,Niedersachsen,1094
118956299,Ransmayr,Die letzte Welt,1988,Niedersachsen,1149
124928048,Regener,Herr Lehmann,2001,Niedersachsen,843
124928048,Regener,Neue Vahr Süd,2004,Niedersachsen,1113
118744070,Reimann,Alles schmeckt nach Abschied,1998,Niedersachsen,775
118599631,Remarque,Im Westen nichts Neues,1928,Niedersachsen,776
120465272,Reza,Kunst,1996,Niedersachsen,914
122400259,Richter,Hechtsommer,2004,Niedersachsen,683
118601024,Rilke,Die Aufzeichnungen des Malte Laurids Brigge,1910,Niedersachsen,954
118603140,Roth,Der blinde Spiegel,1925,Niedersachsen,951
118603140,Roth,Die Kapuzinergruft,1938,Niedersachsen,962
118603140,Roth,Hiob,1930,Niedersachsen,960
118603140,Roth,Radetzkymarsch,1848,Niedersachsen,961
120596679,Rothmann,Im Frühling sterben,2015,Niedersachsen,1079
120596679,Rothmann,Stier,1991,Niedersachsen,1084
124846491,Rusch,Meine freie deutsche Jugend,2003,Niedersachsen,777
118885006,Süskind,Das Parfum,1985,Niedersachsen,793
123090156,Sachar,Löcher. Die Geheimnisse von Green Lake,2000,Niedersachsen,684
118604627,Sachs,Chor der Geretteten,1946,Niedersachsen,1061
119223104,Schädlich,Der Sprachabschneider,1980,Niedersachsen,641
115612211,Schami,Die Sehnsucht fährt schwarz,1988,Niedersachsen,778
115612211,Schami,Erzähler der Nacht,1989,Niedersachsen,686
115612211,Schami,Sieben Doppelgänger,1999,Niedersachsen,1145
118607626,Schiller,Briefe über die ästhetische Erziehung des Menschengeschlechts,1795,Niedersachsen,854
118607626,Schiller,Der Tanz,1796,Niedersachsen,853
118607626,Schiller,Der Verbrecher aus verlorener Ehre,1786,Niedersachsen,782
118607626,Schiller,Die Götter Griechenlands,1788,Niedersachsen,858
118607626,Schiller,Die Jungfrau von Orleans,1801,Niedersachsen,837
118607626,Schiller,Die Räuber,1781,Niedersachsen,834
118607626,Schiller,Die Worte des Glaubens,1798,Niedersachsen,983
118607626,Schiller,Don Carlos,1787,Niedersachsen,888
118607626,Schiller,Kabale und Liebe,1784,Niedersachsen,835
118607626,Schiller,Maria Stuart,1800,Niedersachsen,836
118607626,Schiller,Wilhelm Tell,1804,Niedersachsen,813
118607626,Schiller,Würde der Frauen,1796,Niedersachsen,989
129651338,Schlesinger,Am Ende der Jugend,1977,Niedersachsen,1105
129651338,Schlesinger,Berliner Traum,1977,Niedersachsen,783
129651338,Schlesinger,Matulla und Busch,1984,Niedersachsen,784
115673784,Schlink,Der Vorleser,1995,Niedersachsen,779
119393603,Schneider,Die Reise nach Jaroslaw,1974,Niedersachsen,1103
118758675,Schneider,Lenz,1973,Niedersachsen,1110
118758675,Schneider,Rebellion und Wahn,2008,Niedersachsen,1111
119279487,Schneider,Schlafes Bruder,1992,Niedersachsen,842
118609807,Schnitzler,Fräulein Else,1924,Niedersachsen,936
118609807,Schnitzler,Leutnant Gustl,1900,Niedersachsen,935
118609807,Schnitzler,Traumnovelle,1925,Niedersachsen,950
118609831,Schnurre,Jenö war mein Freund (In: Roman in Geschichten),1958,Niedersachsen,688
120526107,Schulze,Simple Storys,1998,Niedersachsen,785
131400029,Seethaler,Der Trafikant,2012,Niedersachsen,1095
131400029,Seethaler,Ein ganzes Leben,2014,Niedersachsen,1162
118612743,Seghers,Aufstand der Fischer von Santa Barbara,1928,Niedersachsen,786
118612743,Seghers,Das siebte Kreuz,1939,Niedersachsen,787
120651106,Seiler,An der Bahn,2003,Niedersachsen,1003
118613170,Semprún,Was für ein schöner Sonntag!,1981,Niedersachsen,1098
118613480,Seume,Mein Leben,1813,Niedersachsen,873
124210554,Singer,Norbert Nobody oder Das Versprechen,2002,Niedersachsen,689
115519092,Sinzig,Alte Fotos,1997,Niedersachsen,980
1025918118,Sleator,Das Haus der Treppen,1974,Niedersachsen,780
118615688,Sophokles,Antigone,-442,Niedersachsen,880
121067874,Sous,Roxy,2015,Niedersachsen,1122
115640290,Sparschuh,Der Zimmerspringbrunnen,1995,Niedersachsen,781
121221229,Spinelli,"East End, West End und dazwischen Maniac Magee",1990,Niedersachsen,690
121221229,Spinelli,Stargirl,2000,Niedersachsen,691
120448289,Spinnen,Dicker Mann im Meer,1991,Niedersachsen,788
118616587,Stadler,Fahrt über die Kölner Rheinbrücke bei Nacht,1913,Niedersachsen,1026
118616587,Stadler,Ich war einmal,1989,Niedersachsen,1115
118616587,Stadler,"Mein Hund, meine Sau, mein Leben",1994,Niedersachsen,1116
120821044,Stamm,Blitzeis,1999,Niedersachsen,789
118150693,Steinhöfel,"Rico, Oskar und die Tieferschatten",2008,Niedersachsen,642
118150693,Steinhöfel,Trügerische Stille,1993,Niedersachsen,692
118617958,Sternheim,Der Snob,1914,Niedersachsen,911
118753711,Stevenson,Die Schatzinsel,1897,Niedersachsen,693
118618725,Storm,Der Schimmelreiter,1888,Niedersachsen,696
118618725,Storm,Pole Poppenspäler,1874,Niedersachsen,694
118618725,Storm,Viola Tricolor,1874,Niedersachsen,695
118619047,Strauß,Mädchen mit Zierkamm,,Niedersachsen,790
118620193,Swift,Gullivers Reisen,1726,Niedersachsen,697
135659019,Szillat,Alice im Netz: Das Internet vergisst nie,2010,Niedersachsen,687
118620444,Tabori,Mein Kampf,1987,Niedersachsen,915
119380870,Tekinay,Die Deutschprüfung,1989,Niedersachsen,794
122397061,Tellkamp,Der Turm,2008,Niedersachsen,1078
126928460,ter Haar,Behalt das Leben lieb,1973,Niedersachsen,617
118839276,Timm,Am Beispiel meines Bruders,2003,Niedersachsen,796
118839276,Timm,Der Schatz auf Pagensand,1995,Niedersachsen,643
118839276,Timm,Die Entdeckung der Currywurst,1993,Niedersachsen,795
118839276,Timm,Heißer Sommer,1974,Niedersachsen,1081
118839276,Timm,Rot,2001,Niedersachsen,1109
118623575,Trakl,In den Nachmittag geflüstert,1912,Niedersachsen,1012
118623575,Trakl,Vorstadt im Föhn,1912,Niedersachsen,1027
119545667,Treichel,Der Verlorene,1998,Niedersachsen,797
119545667,Treichel,Mythos Berlin 1987,1990,Niedersachsen,1039
115367055,Trojanow,Der Weltensammler,2006,Niedersachsen,1143
118638289,Tschechow,Der Bär,1888,Niedersachsen,814
118624822,Twain,Die Abenteuer des Tom Sawyer,1876,Niedersachsen,698
118624822,Twain,Die Abenteuer von Huckleberry Finn,1890,Niedersachsen,699
115589120,Valentin,Die Unberatenen,1963,Niedersachsen,1108
115527966,van Dijk,Themba,2006,Niedersachsen,661
115698027,Vanderbeke,Das Muschelessen,1990,Niedersachsen,798
118626620,Verne,Reise um den Mond,1873,Niedersachsen,644
118768395,Viertel,Die deutsche Sprache,,Niedersachsen,1054
118504185,von Arnim,Das Armenbuch,,Niedersachsen,879
118504185,von Arnim,Dies Buch gehört dem König,1843,Niedersachsen,878
118520040,von Chamisso,Peter Schlemihls wundersame Geschichte,1814,Niedersachsen,721
118542818,von der Grün,Irrlicht und Feuer,1963,Niedersachsen,1112
118542818,von der Grün,Vorstadtkrokodile,1976,Niedersachsen,616
118628976,von der Vogelweide,Unter den Linden,,Niedersachsen,984
118527533,von Droste-Hülshoff,Die Judenbuche,1842,Niedersachsen,725
118528661,von Ebner-Eschenbach,Die Spitzin (in: Aus Spätherbsttagen. Erzählungen),1901,Niedersachsen,663
118528661,von Ebner-Eschenbach,Krambambuli,1883,Niedersachsen,662
118529390,von Eichendorff,Aus dem Leben eines Taugenichts,1826,Niedersachsen,729
118529390,von Eichendorff,Das Marmorbild,1819,Niedersachsen,862
118529390,von Eichendorff,Das zerbrochene Ringlein,1813,Niedersachsen,992
118529390,von Eichendorff,Die zwei Gesellen,1818,Niedersachsen,970
118529390,von Eichendorff,Mondnacht,1837,Niedersachsen,1008
118543202,von Günderrode,Der Kuss im Traume,1804,Niedersachsen,991
118540238,von Goethe,An den Mond,1778,Niedersachsen,1007
118540238,von Goethe,An Schwager Kronos,1774,Niedersachsen,847
118540238,von Goethe,Das Göttliche,1785,Niedersachsen,981
118540238,von Goethe,Dichtung und Wahrheit,1811,Niedersachsen,856
118540238,von Goethe,Die Leiden des jungen Werthers,1774,Niedersachsen,848
118540238,von Goethe,Egmont,1788,Niedersachsen,827
118540238,von Goethe,Faust I,1808,Niedersachsen,890
118540238,von Goethe,Faust II,1832,Niedersachsen,857
118540238,von Goethe,Götz von Berlichingen,1773,Niedersachsen,826
118540238,von Goethe,Grenzen der Menschheit,1789,Niedersachsen,982
118540238,von Goethe,Iphigenie auf Tauris,1787,Niedersachsen,850
118540238,von Goethe,Mailied,1774,Niedersachsen,987
118540238,von Goethe,Prometheus,1789,Niedersachsen,846
118540238,von Goethe,Römische Elegie V,1795,Niedersachsen,852
118540238,von Goethe,Römische Elegie VII,1795,Niedersachsen,1040
118540238,von Goethe,Urfaust,1887,Niedersachsen,891
118540238,von Goethe,Urworte. Orphisch,1820,Niedersachsen,871
118540238,von Goethe,Von deutscher Art und Kunst,1773,Niedersachsen,855
118540238,von Goethe,Wilhelm Meisters Lehrjahre,1795,Niedersachsen,851
118552759,von Hofmannsthal,Ballade des äußeren Lebens,1896,Niedersachsen,973
118552759,von Hofmannsthal,Ein Brief,1902,Niedersachsen,953
118552759,von Hofmannsthal,Vorfrühling,1892,Niedersachsen,1011
118553739,von Horváth,Der ewige Spießer,1930,Niedersachsen,943
118553739,von Horváth,Ein Kind unserer Zeit,1938,Niedersachsen,944
118553739,von Horváth,Geschichten aus dem Wiener Wald,1931,Niedersachsen,885
118553739,von Horváth,Glaube Liebe Hoffnung,1932,Niedersachsen,901
118553739,von Horváth,Jugend ohne Gott,1937,Niedersachsen,744
118553739,von Horváth,Kasimir und Karoline,1932,Niedersachsen,884
118563076,von Kleist,Das Bettelweib von Locarno,1810,Niedersachsen,674
118563076,von Kleist,Das Erdbeben in Chili,1807,Niedersachsen,866
118563076,von Kleist,Der zerbrochene Krug,1808,Niedersachsen,831
118563076,von Kleist,Die Marquise von O.,1808,Niedersachsen,868
118563076,von Kleist,Die Verlobung in St. Domingo,1811,Niedersachsen,867
118563076,von Kleist,Michael Kohlhaas,1810,Niedersachsen,753
118563076,von Kleist,Penthesilea,1808,Niedersachsen,860
118563076,von Kleist,Prinz Friedrich von Homburg,1821,Niedersachsen,869
123362474,von Mayenburg,Feuergesicht,1998,Niedersachsen,902
120467356,von Stuckrad-Barre,Soloalbum,1998,Niedersachsen,791
129191469,Voorhoeve,Lilly unter den Linden,2004,Niedersachsen,700
118594117,Wagner,Die Kindermörderin,1776,Niedersachsen,849
118628852,Walser,Die Verteidigung der Kindheit,1991,Niedersachsen,1128
118628852,Walser,Tod eines Kritikers,2002,Niedersachsen,1140
118629387,Wassermann,Das Gold von Caxamalca,1923,Niedersachsen,701
118629867,Wedekind,Frühlings Erwachen,1891,Niedersachsen,838
117745499,Weißenborn,Die Mutprobe,1969,Niedersachsen,702
118630539,Weiss,Abschied von den Eltern,1961,Niedersachsen,1127
118630539,Weiss,Die Ermittlung,1965,Niedersachsen,1097
120295245,Werner,Am Hang,2004,Niedersachsen,1154
11904157X,Widmer,Der Geliebte der Mutter,2000,Niedersachsen,1132
11904157X,Widmer,Top Dogs,1996,Niedersachsen,887
118632817,Wilder,Unsere kleine Stadt,1945,Niedersachsen,815
118634607,Wohmann,Alles zu seiner Zeit,1962,Niedersachsen,801
118634607,Wohmann,Die Klavierstunde,1966,Niedersachsen,703
118634607,Wohmann,Ländliches Fest und andere Erzählungen,1968,Niedersachsen,800
118634607,Wohmann,Wann kommt die Liebe,2010,Niedersachsen,802
118634666,Wolf,Der geteilte Himmel,1963,Niedersachsen,803
118634666,Wolf,Kassandra,1983,Niedersachsen,1119
118634666,Wolf,Kein Ort. Nirgends,1979,Niedersachsen,1130
118634666,Wolf,Kindheitsmuster,1976,Niedersachsen,1129
118634666,Wolf,Nachdenken über Christa T.,1968,Niedersachsen,1100
118634666,Wolf,Was bleibt,1990,Niedersachsen,1101
11864341X,Wolfenstein,Städter,1914,Niedersachsen,1025
118635131,Wondratschek,Früher begann der Tag mit einer Schusswunde,1969,Niedersachsen,799
118635131,Wondratschek,"Über die Schwierigkeiten, ein Sohn seiner Eltern zu bleiben",,Niedersachsen,1082
12053715X,Zaimoglu,Kanak Sprak - 24 Mißtöne vom Rande der Gesellschaft,1995,Niedersachsen,1088
12053715X,Zaimoglu,Leyla,2006,Niedersachsen,1142
123120802,Zeh,Corpus Delicti: Ein Prozess,2009,Niedersachsen,1157
123120802,Zeh,Nullzeit,2012,Niedersachsen,1158
118982486,Zeller,Berlin,1971,Niedersachsen,1035
118637304,Zuckmayer,Des Teufels General,1946,Niedersachsen,839
118637479,Zweig,Die Schachnovelle,1942,Niedersachsen,804
118637479,Zweig,Sternstunden der Menschheit,1943,Niedersachsen,704
